Gene1,Gene2,Int Alz PPI(d),Int Alz PPI(j),Int all PPI(d),Int all PPI(j),CoExp(d),CoExp(j),Int syn(d),Int syn(j),Int Par PPI(d),Int Par PPI(j),Dif Co(d),Dif Co(j),Alz ptw 1,Alz ptw 2,Alz DISEASES 1,Alz DISEASES 2ENSG00000212122,ENSG00000107341,0,0,0.2,0.0,0,0,0,0,0,0,0,0,False,False,False,False
ENSG00000127914,ENSG00000113924,0,0,0.25,0.0,0,0,0,0,0,0,0,0,False,False,False,False
ENSG00000136819,ENSG00000177302,0,0,0.3333333333333333,0.0,0,0,0,0,0,0,0,0,False,False,False,False
ENSG00000198742,ENSG00000112039,0,0,0.2,0.0,0,0,0,0,0,0,0,0,False,False,False,False
ENSG00000121741,ENSG00000214706,0,0,0.25,0.0,0,0,0,0,0,0,0,0,False,False,False,False
ENSG00000129317,ENSG00000109171,0,0,0.2,0.0,0,0,0,0,0,0,0,0,False,False,False,False
ENSG00000107140,ENSG00000125144,0,0,0.14285714285714285,0.0,0,0,0,0,0,0,0,0,False,False,False,False
ENSG00000157954,ENSG00000067208,0,0,0.2,0.0,0,0,0,0,0,0,0,0,False,False,False,False
ENSG00000120709,ENSG00000143363,0,0,0.2,0.0,0,0,0,0,0,0,0,0,False,False,False,False
ENSG00000177556,ENSG00000162702,0,0,0.2,0.0,0,0,0,0,0,0,0,0,False,False,False,False
ENSG00000092094,ENSG00000125571,0,0,0.2,0.0,0,0,0,0,0,0,0,0,False,False,False,False
ENSG00000181026,ENSG00000103528,0,0,0.5,0.05,0,0,0,0,0,0,0,0,False,False,False,False
ENSG00000166828,ENSG00000127947,0,0,0.2,0.0,0,0,0.0,0.0,0,0,0,0,False,False,False,False
ENSG00000143032,ENSG00000144028,0,0,0.25,0.0,0,0,0,0,0,0,0,0,False,False,False,False
ENSG00000131067,ENSG00000174099,0,0,0.2,0.0,0,0,0,0,0,0,0,0,False,False,False,False
ENSG00000163781,ENSG00000063978,0,0,0.25,0.0,0,0,0,0,0,0,0,0,False,False,False,False
ENSG00000168826,ENSG00000102024,0,0,0.25,0.0,0,0,0,0,0,0,0,0,False,False,False,False
ENSG00000128512,ENSG00000111328,0,0,0.25,0.0,0,0,0,0,0,0,0,0,False,False,False,False
ENSG00000121680,ENSG00000136732,0,0,0.14285714285714285,0.0,0,0,0,0,0,0,0,0,False,False,False,False
ENSG00000130957,ENSG00000141401,0,0,0.125,0.0,0,0,0,0,0,0,0,0,False,False,False,False
ENSG00000204103,ENSG00000183795,0,0,0.16666666666666666,0.0,0,0,0,0,0,0,0,0,False,False,False,False
ENSG00000148498,ENSG00000204576,0,0,0.3333333333333333,0.0,0,0,0,0,0,0,0,0,False,False,False,False
ENSG00000126391,ENSG00000067840,0,0,0.2,0.0,0,0,0,0,0,0,0,0,False,False,False,False
ENSG00000196968,ENSG00000198752,0,0,0.16666666666666666,0.0,0,0,0,0,0,0,0,0,False,False,False,False
ENSG00000166889,ENSG00000172164,0,0,0.25,0.0,0,0,0,0,0,0,0,0,False,False,False,False
ENSG00000135341,ENSG00000115488,0,0,0.25,0.0,0,0,0,0,0,0,0,0,False,False,False,False
ENSG00000110448,ENSG00000197956,0,0,0.25,0.0,0,0,0,0,0,0,0,0,False,False,False,False
ENSG00000111445,ENSG00000134057,0,0,0.25,0.0,0,0,0,0,0,0,0,0,False,False,False,False
ENSG00000198920,ENSG00000064989,0,0,0.0,0.0,0,0,0,0,0,0,0,0,False,False,False,False
ENSG00000123360,ENSG00000163798,0,0,0.2,0.0,0,0,0,0,0,0,0,0,False,False,False,False
ENSG00000185504,ENSG00000134058,0,0,0.25,0.0,0,0,0,0,0,0,0,0,False,False,False,False
ENSG00000084072,ENSG00000126778,0,0,0.2,0.0,0,0,0,0,0,0,0,0,False,False,False,False
ENSG00000138738,ENSG00000135482,0,0,0.2,0.0,0,0,0,0,0,0,0,0,False,False,False,False
ENSG00000008517,ENSG00000130957,0,0,0.14285714285714285,0.0,0,0,0,0,0,0,0,0,False,False,False,False
ENSG00000078814,ENSG00000179168,0,0,0.2,0.0,0,0,0,0,0,0,0,0,False,False,False,False
ENSG00000198851,ENSG00000119650,0,0,0.25,0.0,0,0,0,0,0,0,0,0,False,False,False,False
ENSG00000125538,ENSG00000127152,0,0,0.0,0.0,0,0,0,0,0,0,0,0,True,False,True,False
ENSG00000164615,ENSG00000091138,0,0,0.2,0.0,0,0,0,0,0,0,0,0,False,False,False,False
ENSG00000119535,ENSG00000179583,0,0,0.25,0.0,0,0,0,0,0,0,0,0,False,False,False,False
ENSG00000204463,ENSG00000174808,0,0,0.25,0.0,0,0,0,0,0,0,0,0,False,False,False,False
ENSG00000155097,ENSG00000162631,0,0,0.0,0.0,0,0,0,0,0,0,0,0,False,False,False,False
ENSG00000196605,ENSG00000242441,0,0,0.2,0.0,0,0,0,0,0,0,0,0,False,False,False,False
ENSG00000186654,ENSG00000138686,0,0,0.25,0.0,0,0,0,0,0,0,0,0,False,False,False,False
ENSG00000154845,ENSG00000171360,0,0,0.25,0.0,0,0,0,0,0,0,0,0,False,False,False,False
ENSG00000179526,ENSG00000084092,0,0,0.2,0.0,0,0,0,0,0,0,0,0,False,False,False,False
ENSG00000123415,ENSG00000020633,0,0,0.25,0.0,0,0,0,0,0,0,0,0,False,False,True,False
ENSG00000122359,ENSG00000154553,0,0,0.2,0.0,0,0,0,0,0,0,0,0,False,False,False,False
ENSG00000256671,ENSG00000134748,0,0,0.25,0.0,0,0,0,0,0,0,0,0,False,False,False,False
ENSG00000108551,ENSG00000139131,0,0,0.25,0.0,0,0,0,0,0,0,0,0,False,False,False,False
ENSG00000100097,ENSG00000163154,0,0,0.3333333333333333,0.0,0,0,0,0,0,0,0,0,False,False,False,False
ENSG00000132639,ENSG00000146109,0,0,0.3333333333333333,0.0,0,0,0.125,0.0,0,0,0,0,False,False,True,False
ENSG00000198551,ENSG00000140396,0,0,0.25,0.0,0,0,0,0,0,0,0,0,False,False,False,False
ENSG00000128594,ENSG00000110395,0,0,0.0,0.0,0,0,0,0,0,0,0,0,False,False,False,False
ENSG00000105011,ENSG00000005961,0,0,0.16666666666666666,0.0,0,0,0,0,0,0,0,0,False,False,False,False
ENSG00000174791,ENSG00000168243,0,0,0.25,0.0,0,0,0,0,0,0,0,0,False,False,False,False
ENSG00000075886,ENSG00000186834,0,0,0.16666666666666666,0.0,0,0,0,0,0,0,0,0,False,False,False,False
ENSG00000129355,ENSG00000172315,0,0,0.25,0.0,0,0,0,0,0,0,0,0,False,False,False,False
ENSG00000059758,ENSG00000119396,0,0,0.2,0.0,0,0,0,0,0,0,0,0,False,False,False,False
ENSG00000039319,ENSG00000156076,0,0,0.16666666666666666,0.0,0,0,0,0,0,0,0,0,False,False,False,False
ENSG00000090020,ENSG00000182150,0,0,0.0,0.0,0,0,0,0,0,0,0,0,False,False,False,False
ENSG00000136193,ENSG00000196305,0,0,0.16666666666666666,0.0,0,0,0,0,0,0,0,0,False,False,False,False
ENSG00000132207,ENSG00000244754,0,0,0.2,0.0,0.0,0.0,0,0,0,0,0,0,False,False,False,False
ENSG00000186051,ENSG00000102931,0,0,0.16666666666666666,0.0,0,0,0,0,0,0,0,0,False,False,False,False
ENSG00000134201,ENSG00000074842,0,0,0.0,0.0,0,0,0,0,0,0,0,0,False,False,False,False
ENSG00000177731,ENSG00000093167,0,0,0.0,0.0,0,0,0.5,0.25,0,0,0,0,False,False,False,False
ENSG00000168685,ENSG00000102317,0,0,0.0,0.0,0,0,0,0,0,0,0,0,False,False,False,False
ENSG00000125970,ENSG00000101972,0,0,0.2,0.0,0,0,0,0,0,0,0,0,False,False,False,False
ENSG00000110367,ENSG00000155229,0,0,0.25,0.0,0,0,0,0,0,0,0,0,False,False,False,False
ENSG00000013441,ENSG00000103035,0,0,0.25,0.0,0,0,0,0,0,0,0,0,False,False,False,False
ENSG00000154001,ENSG00000113810,0,0,0.3333333333333333,0.0,0,0,0.2,0.0,0,0,0,0,False,False,False,False
ENSG00000088876,ENSG00000089289,0,0,0.2,0.0,0,0,0,0,0,0,0,0,False,False,False,False
ENSG00000144061,ENSG00000113648,0,0,0.25,0.0,0,0,0,0,0,0,0,0,False,False,False,False
ENSG00000106025,ENSG00000119912,0,0,0.16666666666666666,0.0,0,0,0,0,0,0,0,0,False,True,False,True
ENSG00000159461,ENSG00000171953,0,0,0.3333333333333333,0.0,0,0,0,0,0,0,0,0,False,False,False,False
ENSG00000154451,ENSG00000110011,0,0,0.0,0.0,0,0,0,0,0,0,0,0,False,False,False,False
ENSG00000143226,ENSG00000162892,0,0,0.25,0.0,0,0,0,0,0,0,0,0,False,False,False,False
ENSG00000105967,ENSG00000205339,0,0,0.16666666666666666,0.0,0,0,0,0,0,0,0,0,False,False,False,False
ENSG00000108021,ENSG00000080493,0,0,0.0,0.0,0,0,0,0,0,0,0,0,False,False,False,False
ENSG00000117614,ENSG00000186834,0,0,0.25,0.0,0,0,0,0,0,0,0,0,False,False,False,False
ENSG00000183665,ENSG00000168447,0,0,0.2,0.0,0,0,0,0,0,0,0,0,False,False,False,False
ENSG00000146802,ENSG00000006712,0,0,0.25,0.0,0,0,0,0,0,0,0,0,False,False,False,False
ENSG00000171621,ENSG00000163602,0,0,0.25,0.0,0,0,0,0,0,0,0,0,False,False,False,False
ENSG00000125868,ENSG00000176124,0,0,0.2,0.0,0,0,0,0,0,0,0,0,False,False,False,False
ENSG00000141179,ENSG00000181625,0,0,0.2,0.0,0,0,0,0,0,0,0,0,False,False,False,False
ENSG00000160447,ENSG00000168447,0,0,0.16666666666666666,0.0,0,0,0,0,0,0,0,0,False,False,False,False
ENSG00000008838,ENSG00000131050,0,0,0.2,0.0,0,0,0,0,0,0,0,0,False,False,False,False
ENSG00000155508,ENSG00000105053,0,0,0.2,0.0,0,0,0,0,0,0,0,0,False,False,False,False
ENSG00000125354,ENSG00000197329,0,0,0.25,0.0,0,0,0,0,0,0,0,0,False,False,False,False
ENSG00000198939,ENSG00000169813,0,0,0.3333333333333333,0.0,0,0,0,0,0,0,0,0,False,False,False,False
ENSG00000184983,ENSG00000187855,0,0,0.16666666666666666,0.0,0,0,0,0,0,0,0,0,True,False,False,False
ENSG00000186231,ENSG00000120738,0,0,0.3333333333333333,0.0,0,0,0,0,0,0,0,0,False,False,False,False
ENSG00000058056,ENSG00000197930,0,0,0.16666666666666666,0.0,0,0,0,0,0,0,0,0,False,False,False,False
ENSG00000131264,ENSG00000196531,0,0,0.25,0.0,0,0,0,0,0,0,0,0,False,False,False,False
ENSG00000254087,ENSG00000067560,0,0,0.25,0.0,0,0,0.0,0.0,0,0,0,0,False,False,False,False
ENSG00000160202,ENSG00000151923,0,0,0.25,0.0,0,0,0,0,0,0,0,0,False,False,False,False
ENSG00000133315,ENSG00000119392,0,0,0.2,0.0,0,0,0,0,0,0,0,0,False,False,False,False
ENSG00000196313,ENSG00000131067,0,0,0.2,0.0,0,0,0,0,0,0,0,0,False,False,False,False
ENSG00000107882,ENSG00000104375,0,0,0.25,0.0,0,0,0,0,0,0,0,0,False,False,False,False
ENSG00000180182,ENSG00000256525,0,0,0.0,0.0,0,0,0,0,0,0,0,0,False,False,False,False
ENSG00000115677,ENSG00000142910,0,0,0.16666666666666666,0.0,0,0,0,0,0,0,0,0,False,False,False,False
ENSG00000111837,ENSG00000198681,0,0,0.25,0.0,0,0,0,0,0,0,0,0,False,False,False,False
ENSG00000160062,ENSG00000196290,0,0,0.5,0.015625,0,0,0,0,0,0,0,0,False,False,False,False
ENSG00000169704,ENSG00000176248,0,0,0.25,0.0,0,0,0,0,0,0,0,0,False,False,False,False
ENSG00000025772,ENSG00000106336,0,0,0.3333333333333333,0.0,0,0,0,0,0,0,0,0,False,False,False,False
ENSG00000144063,ENSG00000100726,0,0,0.2,0.0,0,0,0,0,0,0,0,0,False,False,False,False
ENSG00000181856,ENSG00000150433,0,0,0.25,0.0,0,0,0,0,0,0,0,0,False,False,False,False
ENSG00000122565,ENSG00000152430,0,0,0.3333333333333333,0.0,0,0,0,0,0,0,0,0,False,False,False,False
ENSG00000132386,ENSG00000158748,0,0,0.2,0.0,0,0,0,0,0,0,0,0,False,False,False,True
ENSG00000148248,ENSG00000154124,0,0,0.2,0.0,0,0,0,0,0,0,0,0,False,False,False,False
ENSG00000042429,ENSG00000162526,0,0,0.25,0.0,0,0,0,0,0,0,0,0,False,False,False,False
ENSG00000142273,ENSG00000070770,0,0,0.2,0.0,0,0,0,0,0,0,0,0,False,False,False,False
ENSG00000134308,ENSG00000226979,0,0,0.2,0.0,0,0,0,0,0,0,0,0,False,False,True,False
ENSG00000166501,ENSG00000148690,0,0,0.2,0.0,0,0,0,0,0,0,0,0,False,False,False,False
ENSG00000212901,ENSG00000126522,0,0,0.25,0.0,0,0,0,0,0,0,0,0,False,False,False,False
ENSG00000177058,ENSG00000278272,0,0,0.25,0.0,0,0,0,0,0,0,0,0,False,False,False,False
ENSG00000134070,ENSG00000168522,0,0,0.0,0.0,0,0,0,0,0,0,0,0,False,False,False,False
ENSG00000135457,ENSG00000075188,0,0,0.16666666666666666,0.0,0,0,0,0,0,0,0,0,False,False,True,False
ENSG00000105202,ENSG00000164209,0,0,0.25,0.0,0,0,0,0,0,0,0,0,False,False,False,False
ENSG00000187855,ENSG00000276293,0,0,0.25,0.0,0,0,0,0,0,0,0,0,False,False,False,False
ENSG00000000457,ENSG00000034510,0,0,0.25,0.0,0,0,0,0,0,0,0,0,False,False,False,False
ENSG00000185630,ENSG00000102572,0,0,0.16666666666666666,0.0,0,0,0,0,0,0,0,0,False,False,False,False
ENSG00000149124,ENSG00000154102,0,0,0.2,0.0,0,0,0,0,0,0,0,0,False,False,False,False
ENSG00000204463,ENSG00000078403,0,0,0.16666666666666666,0.0,0,0,0,0,0,0,0,0,False,False,False,False
ENSG00000110321,ENSG00000120802,0,0,0.25,0.0,0,0,0,0,0.25,0.0,0,0,False,False,False,False
ENSG00000179335,ENSG00000125449,0,0,0.3333333333333333,0.0,0,0,0,0,0,0,0,0,False,False,False,False
ENSG00000105501,ENSG00000177138,0,0,0.3333333333333333,0.0,0,0,0,0,0,0,0,0,False,False,False,False
ENSG00000139546,ENSG00000165816,0,0,0.25,0.0,0,0,0,0,0,0,0,0,False,False,False,False
ENSG00000180198,ENSG00000161996,0,0,0.2,0.0,0,0,0,0,0,0,0,0,False,False,False,False
ENSG00000145349,ENSG00000196735,0,0,0.16666666666666666,0.0,0.0,0.0,0,0,0,0,0,0,False,False,False,False
ENSG00000118007,ENSG00000239474,0,0,0.2,0.0,0,0,0,0,0,0,0,0,False,False,False,False
ENSG00000100170,ENSG00000172667,0,0,0.25,0.0,0,0,0,0,0,0,0,0,False,False,False,False
ENSG00000134138,ENSG00000136997,0,0,0.3333333333333333,0.0,0,0,0,0,0,0,0,0,False,False,False,False
ENSG00000212899,ENSG00000155849,0,0,0.25,0.0,0,0,0,0,0,0,0,0,False,False,False,False
ENSG00000205423,ENSG00000085377,0,0,0.0,0.0,0,0,0,0,0,0,0,0,False,False,False,True
ENSG00000103051,ENSG00000038274,0,0,0.2,0.0,0,0,0,0,0,0,0,0,False,False,False,False
ENSG00000163281,ENSG00000101638,0,0,0.2,0.0,0,0,0,0,0,0,0,0,False,False,False,False
ENSG00000109171,ENSG00000156127,0,0,0.16666666666666666,0.0,0,0,0,0,0,0,0,0,False,False,False,False
ENSG00000164695,ENSG00000113851,0,0,0.2,0.0,0,0,0,0,0,0,0,0,False,False,False,False
ENSG00000136634,ENSG00000140326,0,0,0.0,0.0,0,0,0,0,0,0,0,0,False,False,True,False
ENSG00000149948,ENSG00000120526,0,0,0.2,0.0,0,0,0,0,0,0,0,0,False,False,False,False
ENSG00000149636,ENSG00000127334,0,0,0.3333333333333333,0.0,0,0,0,0,0,0,0,0,False,False,False,False
ENSG00000120875,ENSG00000150628,0,0,0.2,0.0,0,0,0,0,0,0,0,0,False,False,False,False
ENSG00000121931,ENSG00000112159,0,0,0.25,0.0,0,0,0,0,0,0,0,0,False,False,False,False
ENSG00000017797,ENSG00000101132,0,0,0.2,0.0,0,0,0,0,0,0,0,0,False,False,False,False
ENSG00000108384,ENSG00000100577,0,0,0.0,0.0,0,0,0,0,0,0,0,0,False,False,False,False
ENSG00000091879,ENSG00000122180,0,0,0.16666666666666666,0.0,0,0,0,0,0,0,0,0,False,False,False,False
ENSG00000184203,ENSG00000139946,0,0,0.2,0.0,0,0,0,0,0,0,0,0,False,False,False,False
ENSG00000168078,ENSG00000262814,0,0,0.14285714285714285,0.0,0,0,0,0,0,0,0,0,False,False,False,False
ENSG00000099250,ENSG00000067900,0,0,0.25,0.0,0,0,0,0,0,0,0,0,False,False,False,False
ENSG00000182511,ENSG00000181610,0,0,0.25,0.0,0,0,0,0,0,0,0,0,False,False,False,False
ENSG00000166762,ENSG00000151882,0,0,0.16666666666666666,0.0,0,0,0,0,0,0,0,0,False,False,False,False
ENSG00000145824,ENSG00000167136,0,0,0.16666666666666666,0.0,0,0,0,0,0,0,0,0,False,False,False,False
ENSG00000115590,ENSG00000075142,0,0,0.0,0.0,0,0,0,0,0,0,0,0,False,False,False,False
ENSG00000135245,ENSG00000054598,0,0,0.14285714285714285,0.0,0,0,0,0,0,0,0,0,False,False,False,False
ENSG00000101463,ENSG00000196083,0,0,0.0,0.0,0,0,0,0,0,0,0,0,False,False,False,False
ENSG00000100632,ENSG00000122970,0,0,0.16666666666666666,0.0,0,0,0,0,0,0,0,0,False,False,False,False
ENSG00000150628,ENSG00000089775,0,0,0.25,0.0,0,0,0,0,0,0,0,0,False,False,False,False
ENSG00000152894,ENSG00000164306,0,0,0.25,0.0,0,0,0,0,0,0,0,0,False,False,False,False
ENSG00000161692,ENSG00000132603,0,0,0.3333333333333333,0.0,0,0,0,0,0,0,0,0,False,False,False,False
ENSG00000149948,ENSG00000065485,0,0,0.2,0.0,0,0,0,0,0,0,0,0,False,False,False,False
ENSG00000112473,ENSG00000132535,0,0,0.25,0.0,0,0,0,0,0,0,0,0,False,False,False,False
ENSG00000147439,ENSG00000102753,0,0,0.0,0.0,0,0,0.16666666666666666,0.0,0,0,0,0,False,False,False,False
ENSG00000134910,ENSG00000146457,0,0,0.25,0.0,0,0,0,0,0,0,0,0,False,False,False,False
ENSG00000127152,ENSG00000134046,0,0,0.5,0.3333333333333333,0,0,0,0,0,0,0,0,False,False,False,False
ENSG00000124762,ENSG00000092203,0,0,0.3333333333333333,0.0,0,0,0,0,0,0,0,0,False,False,False,False
ENSG00000177697,ENSG00000133135,0,0,0.0,0.0,0,0,0,0,0,0,0,0,False,False,False,False
ENSG00000181090,ENSG00000133030,0,0,0.25,0.0,0,0,0.25,0.0,0,0,0,0,False,False,False,False
ENSG00000121621,ENSG00000156374,0,0,0.2,0.0,0,0,0,0,0,0,0,0,False,False,False,False
ENSG00000118922,ENSG00000115307,0,0,0.2,0.0,0,0,0,0,0,0,0,0,False,False,False,False
ENSG00000118898,ENSG00000163093,0,0,0.25,0.0,0,0,0,0,0,0,0,0,False,False,False,False
ENSG00000185722,ENSG00000112981,0,0,0.2,0.0,0,0,0,0,0,0,0,0,False,False,False,False
ENSG00000107290,ENSG00000142798,0,0,0.2,0.0,0,0,0,0,0,0,0,0,False,False,False,False
ENSG00000105700,ENSG00000275126,0,0,0.25,0.0,0,0,0,0,0,0,0,0,False,False,False,False
ENSG00000110436,ENSG00000134020,0,0,0.25,0.0,0,0,0,0,0,0,0,0,False,False,True,False
ENSG00000101605,ENSG00000170523,0,0,0.2,0.0,0,0,0,0,0,0,0,0,False,False,False,False
ENSG00000008988,ENSG00000148337,0,0,0.25,0.0,0,0,0.25,0.0,0,0,0,0,False,False,False,False
ENSG00000167632,ENSG00000111674,0,0,0.2,0.0,0,0,0,0,0,0,0,0,False,False,False,True
ENSG00000182095,ENSG00000165507,0,0,0.25,0.0,0,0,0,0,0,0,0,0,False,False,False,False
ENSG00000127884,ENSG00000115942,0,0,0.25,0.0,0,0,0,0,0,0,0,0,False,False,False,False
ENSG00000151067,ENSG00000197901,0,0,0.3333333333333333,0.0,0,0,0,0,0,0,0,0,True,False,False,False
ENSG00000113194,ENSG00000278705,0,0,0.0,0.0,0,0,0,0,0,0,0,0,False,False,False,False
ENSG00000108256,ENSG00000187210,0,0,0.2,0.0,0,0,0,0,0,0,0,0,False,False,False,False
ENSG00000108826,ENSG00000181610,0,0,0.2,0.0,0,0,0,0,0,0,0,0,False,False,False,False
ENSG00000196549,ENSG00000136044,0,0,0.2,0.0,0,0,0.2,0.0,0,0,0,0,True,False,True,False
ENSG00000106268,ENSG00000011052,0,0,0.2,0.0,0,0,0,0,0,0,0,0,False,False,False,False
ENSG00000197822,ENSG00000166171,0,0,0.2,0.0,0,0,0,0,0,0,0,0,False,False,False,False
ENSG00000086827,ENSG00000198021,0,0,0.16666666666666666,0.0,0,0,0,0,0,0,0,0,False,False,False,False
ENSG00000168002,ENSG00000134371,0,0,0.3333333333333333,0.0,0,0,0,0,0,0,0,0,False,False,False,False
ENSG00000058673,ENSG00000034152,0,0,0.2,0.0,0,0,0,0,0,0,0,0,False,False,False,False
ENSG00000187796,ENSG00000171443,0,0,0.25,0.0,0,0,0,0,0,0,0,0,False,False,False,False
ENSG00000173581,ENSG00000135269,0,0,0.2,0.0,0,0,0,0,0,0,0,0,False,False,False,False
ENSG00000100167,ENSG00000169689,0,0,0.3333333333333333,0.0,0,0,0,0,0,0,0,0,False,False,False,False
ENSG00000134470,ENSG00000127527,0,0,0.16666666666666666,0.0,0,0,0,0,0,0,0,0,False,False,False,False
ENSG00000065054,ENSG00000143207,0,0,0.25,0.0,0,0,0,0,0,0,0,0,False,False,False,False
ENSG00000136750,ENSG00000100373,0,0,0.2,0.0,0,0,0,0,0,0,0,0,False,False,False,False
ENSG00000053918,ENSG00000112984,0,0,0.0,0.0,0,0,0,0,0,0,0,0,False,False,False,False
ENSG00000137185,ENSG00000120868,0,0,0.2,0.0,0,0,0,0,0,0,0,0,False,True,False,False
ENSG00000183153,ENSG00000112559,0,0,0.16666666666666666,0.0,0,0,0,0,0,0,0,0,False,False,False,False
ENSG00000103168,ENSG00000148943,0,0,0.2,0.0,0,0,0,0,0,0,0,0,False,False,False,False
ENSG00000073008,ENSG00000163072,0,0,0.2,0.0,0,0,0,0,0,0,0,0,False,False,False,False
ENSG00000204099,ENSG00000181704,0,0,0.16666666666666666,0.0,0,0,0,0,0,0,0,0,False,False,False,False
ENSG00000257591,ENSG00000275835,0,0,0.2,0.0,0,0,0,0,0,0,0,0,False,False,False,False
ENSG00000171224,ENSG00000163138,0,0,0.16666666666666666,0.0,0,0,0,0,0,0,0,0,False,False,False,False
ENSG00000107485,ENSG00000118518,0,0,0.25,0.0,0,0,0,0,0,0,0,0,False,False,False,False
ENSG00000153487,ENSG00000148396,0,0,0.0,0.0,0,0,0,0,0,0,0,0,False,False,False,False
ENSG00000106609,ENSG00000138495,0,0,0.25,0.0,0,0,0,0,0,0,0,0,False,False,False,False
ENSG00000186051,ENSG00000162438,0,0,0.25,0.0,0,0,0,0,0,0,0,0,False,False,False,False
ENSG00000174165,ENSG00000159208,0,0,0.25,0.0,0,0,0,0,0,0,0,0,False,False,False,False
ENSG00000159374,ENSG00000117143,0,0,0.0,0.0,0,0,0,0,0,0,0,0,False,False,False,False
ENSG00000106066,ENSG00000112039,0,0,0.16666666666666666,0.0,0,0,0,0,0,0,0,0,False,False,False,False
ENSG00000134698,ENSG00000197223,0,0,0.16666666666666666,0.0,0,0,0,0,0,0,0,0,False,False,False,False
ENSG00000196110,ENSG00000140853,0,0,0.2,0.0,0,0,0,0,0,0,0,0,False,False,False,False
ENSG00000176749,ENSG00000134046,0,0,0.25,0.0,0,0,0,0,0,0,0,0,True,False,False,False
ENSG00000114547,ENSG00000101856,0,0,0.14285714285714285,0.0,0,0,0,0,0,0,0,0,False,False,False,False
ENSG00000102908,ENSG00000006611,0,0,0.25,0.0,0,0,0,0,0,0,0,0,False,False,False,False
ENSG00000130202,ENSG00000122691,0,0,0.3333333333333333,0.0,0,0,0,0,0.0,0.0,0,0,False,False,False,False
ENSG00000176986,ENSG00000067596,0,0,0.16666666666666666,0.0,0,0,0,0,0,0,0,0,False,False,False,False
ENSG00000004777,ENSG00000196535,0,0,0.16666666666666666,0.0,0.0,0.0,0,0,0,0,0,0,False,False,False,False
ENSG00000169429,ENSG00000205420,0,0,0.25,0.0,0,0,0,0,0,0,0,0,False,False,False,False
ENSG00000173467,ENSG00000140299,0,0,0.25,0.0,0,0,0,0,0,0,0,0,False,False,False,False
ENSG00000162627,ENSG00000111676,0,0,0.25,0.0,0,0,0,0,0,0,0,0,False,False,False,False
ENSG00000179604,ENSG00000159593,0,0,0.2,0.0,0,0,0,0,0,0,0,0,False,True,False,True
ENSG00000221916,ENSG00000157625,0,0,0.3333333333333333,0.0,0,0,0,0,0,0,0,0,False,False,False,False
ENSG00000162595,ENSG00000100056,0,0,0.2,0.0,0,0,0,0,0,0,0,0,False,False,False,False
ENSG00000138780,ENSG00000143545,0,0,0.16666666666666666,0.0,0,0,0,0,0,0,0,0,False,False,False,False
ENSG00000111843,ENSG00000257218,0,0,0.2,0.0,0,0,0,0,0,0,0,0,False,False,False,False
ENSG00000168824,ENSG00000141977,0,0,0.5,0.06666666666666667,0,0,0,0,0,0,0,0,False,False,False,False
ENSG00000178093,ENSG00000162408,0,0,0.25,0.0,0,0,0,0,0,0,0,0,False,False,False,False
ENSG00000065371,ENSG00000140092,0,0,0.25,0.0,0,0,0,0,0,0,0,0,False,False,False,False
ENSG00000169181,ENSG00000110429,0,0,0.2,0.0,0,0,0,0,0,0,0,0,False,False,False,False
ENSG00000113163,ENSG00000212721,0,0,0.25,0.0,0,0,0,0,0,0,0,0,False,False,False,False
ENSG00000174516,ENSG00000100479,0,0,0.25,0.0,0,0,0,0,0,0,0,0,False,False,False,False
ENSG00000143256,ENSG00000102931,0,0,0.14285714285714285,0.0,0,0,0,0,0,0,0,0,False,False,False,False
ENSG00000113456,ENSG00000110851,0,0,0.0,0.0,0,0,0,0,0,0,0,0,False,False,False,False
ENSG00000001167,ENSG00000198093,0,0,0.25,0.0,0,0,0,0,0,0,0,0,False,False,False,False
ENSG00000095002,ENSG00000186231,0,0,0.25,0.0,0,0,0,0,0,0,0,0,False,False,False,False
ENSG00000108298,ENSG00000198742,0,0,0.25,0.0,0,0,0,0,0,0,0,0,False,False,False,False
ENSG00000137275,ENSG00000163041,0,0,0.25,0.0,0,0,0,0,0,0,0,0,False,False,False,False
ENSG00000122406,ENSG00000172468,0,0,0.3333333333333333,0.0,0.0,0.0,0,0,0,0,0,0,False,False,False,False
ENSG00000171195,ENSG00000101265,0,0,0.0,0.0,0,0,0,0,0,0,0,0,False,False,False,False
ENSG00000217128,ENSG00000115685,0,0,0.2,0.0,0,0,0,0,0,0,0,0,False,False,False,False
ENSG00000240972,ENSG00000187742,0,0,0.3333333333333333,0.0,0,0,0,0,0,0,0,0,False,False,False,False
ENSG00000118733,ENSG00000072135,0,0,0.2,0.0,0,0,0,0,0,0,0,0,False,False,False,False
ENSG00000099949,ENSG00000127399,0,0,0.25,0.0,0,0,0,0,0,0,0,0,False,False,False,False
ENSG00000183011,ENSG00000118971,0,0,0.2,0.0,0,0,0,0,0,0,0,0,False,False,False,False
ENSG00000273542,ENSG00000181610,0,0,0.3333333333333333,0.0,0,0,0,0,0,0,0,0,False,False,False,False
ENSG00000135930,ENSG00000108826,0,0,0.25,0.0,0,0,0,0,0,0,0,0,False,False,False,False
ENSG00000116983,ENSG00000107223,0,0,0.16666666666666666,0.0,0,0,0,0,0,0,0,0,False,False,False,False
ENSG00000075188,ENSG00000142945,0,0,0.16666666666666666,0.0,0,0,0,0,0,0,0,0,False,False,False,False
ENSG00000179361,ENSG00000048828,0,0,0.2,0.0,0,0,0,0,0,0,0,0,False,False,False,False
ENSG00000254647,ENSG00000163682,0,0,0.25,0.0,0,0,0,0,0,0,0,0,False,False,True,False
ENSG00000151067,ENSG00000136169,0,0,0.14285714285714285,0.0,0,0,0,0,0,0,0,0,True,False,False,False
ENSG00000180448,ENSG00000136404,0,0,0.2,0.0,0,0,0,0,0,0,0,0,False,False,False,False
ENSG00000173894,ENSG00000100485,0,0,0.25,0.0,0,0,0,0,0,0,0,0,False,False,False,False
ENSG00000160325,ENSG00000055044,0,0,0.14285714285714285,0.0,0,0,0,0,0,0,0,0,False,False,False,False
ENSG00000165209,ENSG00000149600,0,0,0.2,0.0,0,0,0,0,0,0,0,0,False,False,False,False
ENSG00000105698,ENSG00000102786,0,0,0.25,0.0,0,0,0,0,0,0,0,0,False,False,False,False
ENSG00000196498,ENSG00000110786,0,0,0.25,0.0,0,0,0,0,0,0,0,0,False,False,False,False
ENSG00000111665,ENSG00000154710,0,0,0.3333333333333333,0.0,0,0,0,0,0,0,0,0,False,False,False,False
ENSG00000198276,ENSG00000143870,0,0,0.16666666666666666,0.0,0,0,0,0,0,0,0,0,False,False,False,False
ENSG00000111254,ENSG00000197694,0,0,0.2,0.0,0,0,0,0,0,0,0,0,False,False,False,False
ENSG00000185624,ENSG00000265681,0,0,0.25,0.0,0,0,0.25,0.0,0.3333333333333333,0.0,0,0,False,False,False,False
ENSG00000122692,ENSG00000139174,0,0,0.25,0.0,0,0,0,0,0,0,0,0,False,False,False,False
ENSG00000109501,ENSG00000181847,0,0,0.0,0.0,0,0,0,0,0,0,0,0,False,False,False,False
ENSG00000174652,ENSG00000145901,0,0,0.3333333333333333,0.0,0,0,0,0,0,0,0,0,False,False,False,False
ENSG00000136167,ENSG00000197714,0,0,0.2,0.0,0,0,0,0,0,0,0,0,False,False,False,False
ENSG00000070756,ENSG00000197780,0,0,0.25,0.0,0,0,0,0,0,0,0,0,False,False,False,False
ENSG00000166068,ENSG00000143155,0,0,0.25,0.0,0,0,0,0,0,0,0,0,False,False,False,False
ENSG00000198373,ENSG00000155868,0,0,0.25,0.0,0,0,0,0,0,0,0,0,False,False,False,False
ENSG00000163884,ENSG00000111530,0,0,0.2,0.0,0,0,0,0,0,0,0,0,False,False,False,False
ENSG00000108604,ENSG00000152455,0,0,0.2,0.0,0,0,0,0,0,0,0,0,False,False,False,False
ENSG00000147381,ENSG00000163466,0,0,0.2,0.0,0,0,0,0,0,0,0,0,False,False,False,False
ENSG00000179363,ENSG00000118898,0,0,0.25,0.0,0,0,0,0,0,0,0,0,False,False,False,False
ENSG00000100393,ENSG00000176171,0,0,0.25,0.0,0,0,0,0,0,0,0,0,False,False,False,False
ENSG00000141682,ENSG00000102145,0,0,0.25,0.0,0,0,0,0,0,0,0,0,False,False,False,False
ENSG00000144015,ENSG00000185453,0,0,0.16666666666666666,0.0,0,0,0,0,0,0,0,0,False,False,False,False
ENSG00000242498,ENSG00000129696,0,0,0.2,0.0,0,0,0,0,0,0,0,0,False,False,False,False
ENSG00000020256,ENSG00000176994,0,0,0.25,0.0,0,0,0,0,0,0,0,0,False,False,False,False
ENSG00000165702,ENSG00000168040,0,0,0.25,0.0,0,0,0,0,0,0,0,0,False,True,False,False
ENSG00000110848,ENSG00000135249,0,0,0.2,0.0,0,0,0,0,0,0,0,0,False,False,False,False
ENSG00000196642,ENSG00000147168,0,0,0.25,0.0,0,0,0,0,0,0,0,0,False,False,False,False
ENSG00000102048,ENSG00000104131,0,0,0.2,0.0,0,0,0,0,0,0,0,0,False,False,False,False
ENSG00000139780,ENSG00000176774,0,0,0.2,0.0,0,0,0,0,0,0,0,0,False,False,False,False
ENSG00000124151,ENSG00000171989,0,0,0.25,0.0,0,0,0,0,0,0,0,0,False,False,False,False
ENSG00000198625,ENSG00000160716,0,0,0.0,0.0,0,0,0,0,0,0,0,0,False,False,False,False
ENSG00000056972,ENSG00000196136,0,0,0.0,0.0,0,0,0,0,0,0,0,0,False,False,False,False
ENSG00000144362,ENSG00000105127,0,0,0.25,0.0,0,0,0,0,0,0,0,0,False,False,False,False
ENSG00000118245,ENSG00000136052,0,0,0.2,0.0,0,0,0,0,0,0,0,0,False,False,False,False
ENSG00000083799,ENSG00000111262,0,0,0.2,0.0,0,0,0,0,0,0,0,0,False,False,False,False
ENSG00000111731,ENSG00000182700,0,0,0.16666666666666666,0.0,0,0,0,0,0,0,0,0,False,False,False,False
ENSG00000183258,ENSG00000090006,0,0,0.3333333333333333,0.0,0,0,0,0,0,0,0,0,False,False,False,False
ENSG00000170734,ENSG00000091106,0,0,0.2,0.0,0,0,0,0,0,0,0,0,False,False,False,False
ENSG00000125629,ENSG00000254772,0,0,0.2,0.0,0,0,0,0,0,0,0,0,False,False,False,False
ENSG00000129925,ENSG00000205726,0,0,0.25,0.0,0,0,0,0,0,0,0,0,False,False,False,False
ENSG00000066135,ENSG00000204613,0,0,0.25,0.0,0,0,0,0,0,0,0,0,False,False,False,False
ENSG00000134597,ENSG00000175093,0,0,0.14285714285714285,0.0,0,0,0,0,0,0,0,0,False,False,False,False
ENSG00000227488,ENSG00000176170,0,0,0.2,0.0,0,0,0,0,0,0,0,0,False,False,False,False
ENSG00000105383,ENSG00000139055,0,0,0.25,0.0,0,0,0,0,0,0,0,0,False,False,False,False
ENSG00000179085,ENSG00000133997,0,0,0.2,0.0,0,0,0,0,0,0,0,0,False,False,False,False
ENSG00000073050,ENSG00000178409,0,0,0.25,0.0,0,0,0,0,0,0,0,0,False,False,False,False
ENSG00000003987,ENSG00000115514,0,0,0.25,0.0,0,0,0,0,0,0,0,0,False,False,False,False
ENSG00000168214,ENSG00000083535,0,0,0.25,0.0,0,0,0,0,0,0,0,0,False,False,False,False
ENSG00000137574,ENSG00000170734,0,0,0.2,0.0,0,0,0,0,0,0,0,0,False,False,False,False
ENSG00000127318,ENSG00000152104,0,0,0.0,0.0,0,0,0,0,0,0,0,0,False,False,False,False
ENSG00000181555,ENSG00000182326,0,0,0.0,0.0,0,0,0,0,0,0,0,0,False,False,False,False
ENSG00000113552,ENSG00000087191,0,0,0.2,0.0,0,0,0,0,0,0,0,0,False,False,False,False
ENSG00000006611,ENSG00000141646,0,0,0.25,0.0,0,0,0,0,0,0,0,0,False,False,False,False
ENSG00000161203,ENSG00000140992,0,0,0.3333333333333333,0.0,0,0,0,0,0,0,0,0,False,False,False,False
ENSG00000124788,ENSG00000166170,0,0,0.3333333333333333,0.0,0,0,0,0,0,0,0,0,False,False,False,False
ENSG00000002919,ENSG00000268606,0,0,0.2,0.0,0,0,0,0,0,0,0,0,False,False,False,False
ENSG00000085662,ENSG00000171314,0,0,0.16666666666666666,0.0,0,0,0,0,0,0,0,0,False,False,False,False
ENSG00000171940,ENSG00000166501,0,0,0.2,0.0,0,0,0,0,0,0,0,0,False,False,False,False
ENSG00000145703,ENSG00000106852,0,0,0.2,0.0,0,0,0,0,0,0,0,0,False,False,False,False
ENSG00000198959,ENSG00000105141,0,0,0.0,0.0,0,0,0,0,0,0,0,0,False,False,False,False
ENSG00000017427,ENSG00000123219,0,0,0.2,0.0,0,0,0,0,0,0,0,0,False,False,False,False
ENSG00000123268,ENSG00000133773,0,0,0.0,0.0,0,0,0,0,0,0,0,0,False,False,False,False
ENSG00000083814,ENSG00000187969,0,0,0.5,0.3333333333333333,0,0,0,0,0,0,0,0,False,False,False,False
ENSG00000174720,ENSG00000028310,0,0,0.2,0.0,0,0,0,0,0,0,0,0,False,False,False,False
ENSG00000156486,ENSG00000148331,0,0,0.25,0.0,0,0,0,0,0,0,0,0,False,False,False,False
ENSG00000158796,ENSG00000132004,0,0,0.16666666666666666,0.0,0,0,0,0,0,0,0,0,False,False,False,False
ENSG00000166848,ENSG00000107929,0,0,0.25,0.0,0,0,0,0,0,0,0,0,False,False,False,False
ENSG00000137033,ENSG00000160299,0,0,0.2,0.0,0,0,0,0,0,0,0,0,False,False,False,False
ENSG00000184033,ENSG00000168077,0,0,0.0,0.0,0,0,0,0,0,0,0,0,False,False,False,False
ENSG00000165732,ENSG00000134202,0,0,0.0,0.0,0,0,0.25,0.0,0,0,0,0,False,False,False,False
ENSG00000196811,ENSG00000272047,0,0,0.2,0.0,0,0,0,0,0,0,0,0,False,False,False,False
ENSG00000177606,ENSG00000114739,0,0,0.0,0.0,0,0,0,0,0,0,0,0,False,False,True,False
ENSG00000143549,ENSG00000169032,0,0,0.25,0.0,0.0,0.0,0.3333333333333333,0.0,0,0,0,0,False,False,False,False
ENSG00000131508,ENSG00000138741,0,0,0.3333333333333333,0.0,0,0,0,0,0,0,0,0,False,False,False,False
ENSG00000114446,ENSG00000272514,0,0,0.25,0.0,0,0,0,0,0,0,0,0,False,False,False,False
ENSG00000008735,ENSG00000156253,0,0,0.3333333333333333,0.0,0,0,0,0,0,0,0,0,False,False,False,False
ENSG00000077782,ENSG00000196912,0,0,0.2,0.0,0.0,0.0,0,0,0,0,0,0,False,False,False,False
ENSG00000146701,ENSG00000110011,0,0,0.25,0.0,0,0,0,0,0,0,0,0,False,False,False,False
ENSG00000125826,ENSG00000156587,0,0,1.0,0.13333333333333333,0,0,0,0,0,0,0,0,False,False,False,False
ENSG00000149084,ENSG00000140263,0,0,0.0,0.0,0,0,0,0,0,0,0,0,False,False,False,False
ENSG00000175575,ENSG00000198585,0,0,0.0,0.0,0,0,0,0,0,0,0,0,False,False,False,False
ENSG00000113161,ENSG00000104140,0,0,0.0,0.0,0,0,0,0,0,0,0,0,False,False,False,False
ENSG00000205426,ENSG00000146540,0,0,0.25,0.0,0,0,0.2,0.0,0,0,0,0,False,False,False,False
ENSG00000148943,ENSG00000076382,0,0,0.25,0.0,0,0,0.25,0.0,0,0,0,0,False,False,False,False
ENSG00000165480,ENSG00000137710,0,0,0.16666666666666666,0.0,0,0,0,0,0,0,0,0,False,False,False,False
ENSG00000217930,ENSG00000149503,0,0,0.2,0.0,0,0,0,0,0,0,0,0,False,False,False,False
ENSG00000135446,ENSG00000196497,0,0,0.5,0.034482758620689655,0,0,0.25,0.0,0,0,0,0,False,False,False,False
ENSG00000163636,ENSG00000110324,0,0,0.0,0.0,0,0,0,0,0,0,0,0,False,False,False,False
ENSG00000136854,ENSG00000104413,0,0,0.25,0.0,0,0,0,0,0,0,0,0,False,False,False,False
ENSG00000080493,ENSG00000171105,0,0,0.0,0.0,0,0,0,0,0,0,0,0,False,False,False,False
ENSG00000154237,ENSG00000162692,0,0,0.3333333333333333,0.0,0,0,0,0,0,0,0,0,False,False,False,False
ENSG00000087586,ENSG00000124383,0,0,0.25,0.0,0,0,0,0,0,0,0,0,False,False,False,False
ENSG00000140993,ENSG00000108256,0,0,0.25,0.0,0,0,0,0,0,0,0,0,False,False,False,False
ENSG00000204104,ENSG00000095906,0,0,0.25,0.0,0,0,0,0,0,0,0,0,False,False,False,False
ENSG00000132470,ENSG00000204394,0,0,0.2,0.0,0,0,0,0,0,0,0,0,False,False,False,False
ENSG00000176390,ENSG00000137693,0,0,0.25,0.0,0,0,0,0,0,0,0,0,False,False,False,False
ENSG00000153347,ENSG00000160588,0,0,0.0,0.0,0,0,0,0,0,0,0,0,False,False,False,False
ENSG00000143171,ENSG00000100505,0,0,0.2,0.0,0,0,0,0,0,0,0,0,False,False,False,False
ENSG00000088538,ENSG00000142920,0,0,0.25,0.0,0,0,0,0,0,0,0,0,False,False,False,False
ENSG00000140830,ENSG00000138778,0,0,0.25,0.0,0,0,0,0,0,0,0,0,False,False,False,False
ENSG00000268350,ENSG00000135919,0,0,0.25,0.0,0,0,0,0,0,0,0,0,False,False,False,True
ENSG00000152253,ENSG00000124789,0,0,0.2,0.0,0,0,0,0,0,0,0,0,False,False,False,False
ENSG00000204899,ENSG00000179841,0,0,0.2,0.0,0,0,0,0,0,0,0,0,False,False,False,False
ENSG00000158691,ENSG00000240871,0,0,0.3333333333333333,0.0,0,0,0,0,0,0,0,0,False,False,False,False
ENSG00000108848,ENSG00000115216,0,0,0.2,0.0,0,0,0,0,0,0,0,0,False,False,False,False
ENSG00000119048,ENSG00000131013,0,0,0.2,0.0,0,0,0,0,0,0,0,0,False,False,False,False
ENSG00000091651,ENSG00000179222,0,0,0.3333333333333333,0.0,0,0,0,0,0,0,0,0,False,False,False,False
ENSG00000137767,ENSG00000100479,0,0,0.25,0.0,0,0,0,0,0,0,0,0,False,False,False,False
ENSG00000138835,ENSG00000204815,0,0,0.25,0.0,0,0,0,0,0,0,0,0,False,False,False,False
ENSG00000090861,ENSG00000125814,0,0,0.25,0.0,0,0,0,0,0,0,0,0,False,False,False,False
ENSG00000148426,ENSG00000101608,0,0,0.2,0.0,0,0,0,0,0,0,0,0,False,False,False,False
ENSG00000173548,ENSG00000144843,0,0,0.2,0.0,0,0,0,0,0,0,0,0,False,False,False,False
ENSG00000080845,ENSG00000180644,0,0,0.16666666666666666,0.0,0,0,0,0,0,0,0,0,False,False,False,False
ENSG00000204371,ENSG00000124380,0,0,0.2,0.0,0,0,0,0,0,0,0,0,False,False,False,False
ENSG00000182544,ENSG00000170325,0,0,0.25,0.0,0,0,0,0,0,0,0,0,False,False,False,False
ENSG00000129315,ENSG00000198563,0,0,0.2,0.0,0,0,0,0,0,0,0,0,False,False,False,False
ENSG00000197172,ENSG00000205659,0,0,0.3333333333333333,0.0,0,0,0,0,0,0,0,0,False,False,False,False
ENSG00000110799,ENSG00000174175,0,0,0.16666666666666666,0.0,0,0,0,0,0,0,0,0,False,False,False,False
ENSG00000115841,ENSG00000008294,0,0,0.25,0.0,0,0,0,0,0,0,0,0,False,False,False,False
ENSG00000137834,ENSG00000009307,0,0,0.2,0.0,0,0,0,0,0,0,0,0,False,False,False,False
ENSG00000175183,ENSG00000007038,0,0,0.0,0.0,0,0,0,0,0,0,0,0,False,False,False,False
ENSG00000029993,ENSG00000180332,0,0,0.2,0.0,0,0,0,0,0,0,0,0,False,False,False,False
ENSG00000134508,ENSG00000083896,0,0,0.2,0.0,0,0,0,0,0,0,0,0,False,False,False,False
ENSG00000169515,ENSG00000196465,0,0,0.14285714285714285,0.0,0,0,0,0,0,0,0,0,False,False,False,False
ENSG00000229314,ENSG00000163435,0,0,0.2,0.0,0,0,0,0,0,0,0,0,False,False,False,False
ENSG00000131051,ENSG00000173210,0,0,0.3333333333333333,0.0,0,0,0.25,0.0,0,0,0,0,False,False,False,False
ENSG00000148337,ENSG00000118508,0,0,0.25,0.0,0,0,0,0,0,0,0,0,False,False,False,False
ENSG00000103042,ENSG00000138468,0,0,0.16666666666666666,0.0,0,0,0,0,0,0,0,0,False,False,False,False
ENSG00000070423,ENSG00000278195,0,0,0.2,0.0,0,0,0,0,0,0,0,0,False,False,False,False
ENSG00000111641,ENSG00000128654,0,0,0.3333333333333333,0.0,0,0,0,0,0,0,0,0,False,False,False,False
ENSG00000164221,ENSG00000172426,0,0,0.25,0.0,0,0,0,0,0,0,0,0,False,False,False,False
ENSG00000110429,ENSG00000083123,0,0,0.0,0.0,0,0,0,0,0,0,0,0,False,False,False,False
ENSG00000131018,ENSG00000153179,0,0,0.2,0.0,0,0,0,0,0,0,0,0,False,False,False,False
ENSG00000164209,ENSG00000159348,0,0,0.2,0.0,0,0,0,0,0,0,0,0,False,False,False,False
ENSG00000196372,ENSG00000239697,0,0,0.2,0.0,0,0,0,0,0,0,0,0,False,False,False,False
ENSG00000176124,ENSG00000125977,0,0,0.2,0.0,0.0,0.0,0,0,0,0,0,0,False,False,False,False
ENSG00000164118,ENSG00000065054,0,0,0.3333333333333333,0.0,0,0,0,0,0,0,0,0,False,False,False,False
ENSG00000020922,ENSG00000170144,0,0,0.25,0.0,0,0,0.25,0.0,0,0,0,0,False,False,False,False
