"","Gene1","Gene2","Int.Alz.PPI.d.","Int.Alz.PPI.j.","Int.all.PPI.d.","Int.all.PPI.j.","CoExp.d.","CoExp.j.","Int.syn.d.","Int.syn.j.","Int.Par.PPI.d.","Int.Par.PPI.j.","Dif.Co.d.","Dif.Co.j.","Alz.ptw.1","Alz.ptw.2","Alz.DISEASES.1","Alz.DISEASES.2"
"1","ENSG00000143420","ENSG00000080815",1,0.0769230769230769,0.2,0,0,0,0,0,0,0,0,0,"False","True","False","True"
"2","ENSG00000047457","ENSG00000138449",1,0.666666666666667,0,0,0,0,0,0,0,0,0,0,"False","False","False","False"
"3","ENSG00000113805","ENSG00000142192",1,0.04,0,0,0,0,0,0,0,0,0,0,"False","True","False","True"
"4","ENSG00000113805","ENSG00000105290",1,0.428571428571429,0,0,0,0,0,0,0,0,0.25,0,"False","False","False","True"
"8","ENSG00000108821","ENSG00000159363",1,0.0465116279069767,0,0,0,0,0,0,1,0.0465116279069767,0,0,"False","False","False","False"
"9","ENSG00000125384","ENSG00000142192",1,0.0394736842105263,0,0,0,0,0,0,1,0.166666666666667,0,0,"False","True","False","True"
"10","ENSG00000125384","ENSG00000141480",1,0.5,0,0,0,0,0,0,1,0.5,0,0,"False","False","False","False"
"11","ENSG00000125384","ENSG00000137486",1,0.666666666666667,0,0,0,0,0,0,1,0.666666666666667,0,0,"False","False","False","False"
"12","ENSG00000163041","ENSG00000164867",1,0.08,0.333333333333333,0,0,0,0,0,0,0,0,0,"False","False","False","False"
"14","ENSG00000109971","ENSG00000159363",1,0.0454545454545455,1,0.107142857142857,0,0,0,0,1,0.0576923076923077,0,0,"False","False","False","False"
"15","ENSG00000198959","ENSG00000182871",1,1,0,0,0,0,0,0,0,0,0,0,"False","False","False","False"
"16","ENSG00000198959","ENSG00000142192",1,0.0533333333333333,0.333333333333333,0,0,0,0,0,0,0,0,0,"False","True","False","True"
"17","ENSG00000198959","ENSG00000137801",1,0.8,0.2,0,0,0,0,0,0,0,0,0,"False","False","False","False"
"18","ENSG00000106615","ENSG00000130159",1,0.148148148148148,0,0,0,0,0,0,0,0,0,0,"False","False","False","False"
"19","ENSG00000106615","ENSG00000143801",1,0.166666666666667,0,0,0,0,0,0,0,0,0,0,"False","True","False","True"
"20","ENSG00000106615","ENSG00000175899",1,0.111111111111111,0,0,0,0,0,0,0,0,0,0,"False","False","False","True"
"21","ENSG00000181104","ENSG00000159363",1,0.0465116279069767,0,0,0,0,0,0,1,0.0465116279069767,0,0,"False","False","False","False"
"22","ENSG00000138134","ENSG00000130159",1,0.185185185185185,0.25,0,0,0,0,0,0,0,0,0,"False","False","False","False"
"23","ENSG00000138134","ENSG00000105401",1,0.16,0.333333333333333,0,0,0,0,0,0,0,0,0,"False","False","False","False"
"24","ENSG00000138134","ENSG00000105613",1,0.0882352941176471,0.25,0,0,0,0,0,0,0,0,0,"False","False","False","False"
"25","ENSG00000138134","ENSG00000105982",1,0.16,1,0.133333333333333,0,0,0,0,0,0,0,0,"False","False","False","False"
"26","ENSG00000153066","ENSG00000164867",1,0.08,0,0,0,0,0,0,0,0,0,0,"False","False","False","False"
"27","ENSG00000107959","ENSG00000142192",1,0.0266666666666667,0,0,0,0,0,0,0,0,0,0,"False","True","False","True"
"29","ENSG00000172775","ENSG00000159363",1,0.0465116279069767,0.25,0,0,0,0,0,1,0.0454545454545455,0,0,"False","False","False","False"
"35","ENSG00000092098","ENSG00000164867",1,0.08,0.333333333333333,0,0,0,0,0,0,0,0,0,"False","False","False","False"
"36","ENSG00000182871","ENSG00000182871",1,1,0,0,0,0,0,0,0,0,0,0,"False","False","False","False"
"37","ENSG00000182871","ENSG00000142192",1,0.0533333333333333,0,0,0,0,0,0,0,0,0,0,"False","True","False","True"
"38","ENSG00000182871","ENSG00000137801",1,0.8,0,0,0,0,0,0,0,0,0,0,"False","False","False","False"
"39","ENSG00000148688","ENSG00000105613",1,0.0625,0.25,0,0,0,0,0,0,0,0,0,"False","False","False","False"
"40","ENSG00000132718","ENSG00000159363",1,0.0465116279069767,1,0.2,0,0,0,0,1,0.0465116279069767,0,0,"False","False","False","False"
"43","ENSG00000108622","ENSG00000159363",1,0.0465116279069767,0,0,0,0,0,0,1,0.0465116279069767,0,0,"False","False","False","False"
"45","ENSG00000136754","ENSG00000061676",1,0.5,1,0.272727272727273,0,0,0,0,0,0,0,0,"False","False","False","False"
"46","ENSG00000136754","ENSG00000158092",1,0.5,0.5,0.032258064516129,0,0,0,0,0,0,0,0,"False","False","False","False"
"47","ENSG00000136754","ENSG00000097007",1,0.5,1,0.0555555555555556,0,0,0,0,0,0,0,0,"False","False","False","False"
"49","ENSG00000130159","ENSG00000138131",1,0.296296296296296,0.2,0,0,0,0,0,0,0,0,0,"False","False","False","False"
"50","ENSG00000130159","ENSG00000167815",1,0.296296296296296,0,0,0,0,0,0,0,0,0,0,"False","False","False","False"
"51","ENSG00000130159","ENSG00000171311",1,0.259259259259259,0.25,0,0,0,0,0,0,0,0,0,"False","False","False","False"
"52","ENSG00000130159","ENSG00000152778",1,0.321428571428571,0,0,0,0,0,0,0,0,0,0,"False","False","False","False"
"53","ENSG00000130159","ENSG00000129354",1,0.107142857142857,0.2,0,0,0,0,0,0,0,0,0,"False","False","False","False"
"54","ENSG00000130159","ENSG00000196361",1,0.214285714285714,0,0,0,0,0,0,0,0,0,0,"False","False","False","False"
"55","ENSG00000130159","ENSG00000108578",1,0.137931034482759,0.25,0,0,0,0,0,0,0,0,0,"False","False","False","True"
"56","ENSG00000130159","ENSG00000107829",1,0.185185185185185,0,0,0,0,0,0,0,0,0,0,"False","False","False","False"
"57","ENSG00000130159","ENSG00000105401",1,0.457142857142857,0.5,0.0512820512820513,0,0,0,0,0,0,0,0,"False","False","False","False"
"58","ENSG00000130159","ENSG00000132002",1,0.178571428571429,0.333333333333333,0,0,0,0,0,0,0,0,0,"False","False","False","False"
"59","ENSG00000130159","ENSG00000105613",1,0.475,0.25,0,0,0,0,0,0,0,0,0,"False","False","False","False"
"60","ENSG00000130159","ENSG00000108242",1,0.111111111111111,0,0,0,0,0,0,0,0,0,0,"False","False","False","False"
"61","ENSG00000130159","ENSG00000105607",1,0.285714285714286,0.5,0.125,0,0,0,0,0,0,0,0,"False","False","False","False"
"62","ENSG00000130159","ENSG00000179115",1,0.111111111111111,1,0.285714285714286,0,0,0,0,0,0,0,0,"False","False","False","False"
"63","ENSG00000130159","ENSG00000138180",1,0.0714285714285714,0.2,0,0,0,0,0,0,0,0,0,"False","False","False","False"
"64","ENSG00000130159","ENSG00000105982",1,0.457142857142857,0.2,0,0,0,0,0,0,0,0,0,"False","False","False","False"
"65","ENSG00000130159","ENSG00000196365",1,0.275862068965517,0,0,0,0,0,0,0,0,0,0,"False","False","False","False"
"66","ENSG00000130159","ENSG00000080815",1,0.127659574468085,1,0.1,0,0,0,0,0,0,0,0,"False","True","False","True"
"67","ENSG00000130159","ENSG00000157212",1,0.133333333333333,0.2,0,0,0,0,0,0,0,0,0,"False","False","False","False"
"68","ENSG00000130159","ENSG00000179262",1,0.275862068965517,0.25,0,0,0,0,0,0,0,0,0,"False","False","False","False"
"69","ENSG00000130159","ENSG00000143801",1,0.222222222222222,1,0.133333333333333,0,0,0,0,0,0,0,0,"False","True","False","True"
"70","ENSG00000130159","ENSG00000175899",1,0.432432432432432,0,0,0,0,0,0,0,0,0,0,"False","False","False","True"
"71","ENSG00000130159","ENSG00000130203",1,0.28125,1,0.166666666666667,0,0,0,0,0,0,0,0,"False","True","False","True"
"72","ENSG00000130159","ENSG00000138190",1,0.275862068965517,0,0,0,0,0,0,0,0,0,0,"False","False","False","False"
"73","ENSG00000103942","ENSG00000142192",1,0.0266666666666667,0.25,0,0,0,0,0,0,0,0,0,"False","True","False","True"
"74","ENSG00000087258","ENSG00000142192",1,0.0266666666666667,0,0,0,0,0,0,1,0.117647058823529,0,0,"False","True","False","True"
"75","ENSG00000138131","ENSG00000105401",1,0.230769230769231,0.25,0,0,0,0,0,0,0,0,0,"False","False","False","False"
"76","ENSG00000138131","ENSG00000105613",1,0.212121212121212,0.2,0,0,0,0,0,0,0,0,0,"False","False","False","False"
"77","ENSG00000138131","ENSG00000196365",1,0.384615384615385,0,0,0,0,0,0,0,0,0,0,"False","False","False","False"
"78","ENSG00000138131","ENSG00000179262",1,0.384615384615385,0.25,0,0,0,0,0,0,0,0,0,"False","False","False","False"
"79","ENSG00000138131","ENSG00000130203",1,0.294117647058824,0.2,0,0,0,0,0,0,0,0,0,"False","True","False","True"
"80","ENSG00000138131","ENSG00000138190",1,0.285714285714286,0,0,0,0,0,0,0,0,0,0,"False","False","False","False"
"82","ENSG00000162736","ENSG00000080815",1,0.153846153846154,1,0.157894736842105,0,0,1,0.272727272727273,0.5,0.333333333333333,0,0,"True","True","True","True"
"83","ENSG00000162736","ENSG00000143801",1,0.235294117647059,0.333333333333333,0,0,0,0.333333333333333,0,0,0,0,0,"True","True","True","True"
"84","ENSG00000167815","ENSG00000152778",1,0.636363636363636,0,0,0,0,0,0,0,0,0,0,"False","False","False","False"
"85","ENSG00000167815","ENSG00000105401",1,0.185185185185185,0,0,0,0,0,0,0,0,0,0,"False","False","False","False"
"86","ENSG00000167815","ENSG00000105613",1,0.176470588235294,0,0,0,0,0,0,0,0,0,0,"False","False","False","False"
"87","ENSG00000167815","ENSG00000105982",1,0.230769230769231,0,0,0,0,0,0,0,0,0,0,"False","False","False","False"
"88","ENSG00000167815","ENSG00000175899",1,0.214285714285714,0,0,0,0,0,0,0,0,0,0,"False","False","False","True"
"89","ENSG00000167815","ENSG00000138190",1,0.285714285714286,0,0,0,0,0,0,0,0,0,0,"False","False","False","False"
"90","ENSG00000138613","ENSG00000143801",1,0.117647058823529,0,0,0,0,0,0,0,0,0,0,"True","True","True","True"
"91","ENSG00000115468","ENSG00000080815",1,0.0769230769230769,0,0,0,0,0,0,0,0,0,0,"False","True","False","True"
"92","ENSG00000005810","ENSG00000159363",1,0.0465116279069767,0.25,0,0,0,0,0,1,0.0465116279069767,0,0,"False","False","False","False"
"93","ENSG00000171311","ENSG00000105401",1,0.148148148148148,0.25,0,0,0,0,0,0,0,0,0,"False","False","False","False"
"94","ENSG00000171311","ENSG00000105613",1,0.147058823529412,0.25,0,0,0,0,0,0,0,0,0,"False","False","False","False"
"95","ENSG00000171311","ENSG00000105982",1,0.192307692307692,0.333333333333333,0,0,0,0,0,0,0,0,0,"False","False","False","False"
"96","ENSG00000171311","ENSG00000175899",1,0.178571428571429,0,0,0,0,0,0,0,0,0,0,"False","False","False","True"
"97","ENSG00000171311","ENSG00000138190",1,0.307692307692308,0,0,0,0,0,0,0,0,0,0,"False","False","False","False"
"98","ENSG00000152778","ENSG00000119917",1,0.583333333333333,0,0,0,0,0,0,0,0,0,0,"False","False","False","False"
"99","ENSG00000152778","ENSG00000105401",1,0.307692307692308,0,0,0,0,0,0,0,0,0,0,"False","False","False","False"
"100","ENSG00000152778","ENSG00000105613",1,0.235294117647059,0,0,0,0,0,0,0,0,0,0,"False","False","False","False"
"101","ENSG00000152778","ENSG00000105982",1,0.307692307692308,0,0,0,0,0,0,0,0,0,0,"False","False","False","False"
"102","ENSG00000152778","ENSG00000196365",1,0.666666666666667,0,0,0,0,0,0,0,0,0,0,"False","False","False","False"
"103","ENSG00000152778","ENSG00000179262",1,0.666666666666667,0,0,0,0,0,0,0,0,0,0,"False","False","False","False"
"104","ENSG00000152778","ENSG00000175899",1,0.333333333333333,0,0,0,0,0,0,0,0,0,0,"False","False","False","True"
"106","ENSG00000142192","ENSG00000175344",1,0.0266666666666667,1,0.0714285714285714,0,0,1,0.0416666666666667,0,0,0,0,"True","False","True","False"
"107","ENSG00000142192","ENSG00000078596",1,0.0266666666666667,0,0,0,0,0,0,0,0,0,0,"True","False","True","False"
"108","ENSG00000142192","ENSG00000154917",1,0.04,0,0,0,0,0,0,1,0.176470588235294,0,0,"True","False","True","False"
"109","ENSG00000142192","ENSG00000198840",1,0.0266666666666667,0,0,0,0,0,0,0,0,0,0,"True","False","True","False"
"110","ENSG00000142192","ENSG00000137801",1,0.0526315789473684,0.5,0.032258064516129,0,0,0,0,0,0,0,0,"True","False","True","False"
"111","ENSG00000142192","ENSG00000137312",1,0.0266666666666667,1,0.0666666666666667,0,0,1,0.0384615384615385,0,0,0,0,"True","False","True","False"
"112","ENSG00000142192","ENSG00000129354",1,0.0394736842105263,0.25,0,0,0,0,0,0,0,0,0,"True","False","True","False"
"113","ENSG00000142192","ENSG00000186318",1,0.0266666666666667,0.333333333333333,0,0,0,0,0,0,0,0,0,"True","True","True","True"
"114","ENSG00000142192","ENSG00000197442",1,0.0266666666666667,1,0.0465116279069767,0,0,1,0.0566037735849057,0,0,0,0,"True","False","True","False"
"115","ENSG00000142192","ENSG00000100345",1,0.0266666666666667,0.333333333333333,0,0,0,1,0.0377358490566038,0,0,0,0,"True","False","True","False"
"116","ENSG00000142192","ENSG00000092969",1,0.0266666666666667,1,0.0714285714285714,0,0,1,0.0416666666666667,0,0,0,0,"True","False","True","False"
"117","ENSG00000142192","ENSG00000166313",1,0.04,1,0.0689655172413793,0,0,1,0.0408163265306122,0,0,0,0,"True","True","True","True"
"118","ENSG00000142192","ENSG00000133069",1,0.0263157894736842,0.25,0,0,0,0,0,0,0,0,0,"True","False","True","False"
"119","ENSG00000142192","ENSG00000171314",1,0.0266666666666667,0.2,0,0,0,1,0.0416666666666667,0,0,0,0,"True","False","True","False"
"120","ENSG00000142192","ENSG00000196712",1,0.0266666666666667,1,0.0689655172413793,0,0,1,0.0408163265306122,0,0,0,0,"True","False","True","False"
"121","ENSG00000142192","ENSG00000108578",1,0.051948051948052,0.25,0,0,0,0,0,0,0,0,0,"True","False","True","True"
"122","ENSG00000142192","ENSG00000197694",1,0.0263157894736842,0.2,0,0,0,1,0.0357142857142857,0.333333333333333,0,0,0,"True","False","True","False"
"123","ENSG00000142192","ENSG00000119917",1,0.0632911392405063,1,0.0588235294117647,0,0,0,0,0,0,0,0,"True","False","True","False"
"124","ENSG00000142192","ENSG00000105401",1,0.0645161290322581,0.5,0.0327868852459016,0,0,0.333333333333333,0,0.333333333333333,0,0,0,"True","False","True","False"
"125","ENSG00000142192","ENSG00000188157",1,0.0266666666666667,0.2,0,0,0,0,0,0,0,0,0,"True","False","True","False"
"126","ENSG00000142192","ENSG00000196230",1,0.0266666666666667,0.333333333333333,0,0,0,1,0.0545454545454545,0.5,0.0909090909090909,0,0,"True","False","True","False"
"127","ENSG00000142192","ENSG00000151694",1,0.0266666666666667,0.25,0,0,0,1,0.0416666666666667,0,0,0,0,"True","True","True","True"
"128","ENSG00000142192","ENSG00000113108",1,0.04,0.25,0,0,0,1,0.0408163265306122,0,0,0,0,"True","False","True","True"
"129","ENSG00000142192","ENSG00000137486",1,0.051948051948052,0.5,0.0172413793103448,0,0,0.5,0.0414746543778802,1,0.210526315789474,0,0,"True","False","True","False"
"130","ENSG00000142192","ENSG00000105613",1,0.0918367346938776,0.333333333333333,0,0,0,0,0,0,0,0,0,"True","False","True","False"
"131","ENSG00000142192","ENSG00000133246",1,0.0933333333333333,0.333333333333333,0,0,0,0,0,0,0,0,0,"True","False","True","False"
"132","ENSG00000142192","ENSG00000127445",1,0.0266666666666667,0.333333333333333,0,0,0,1,0.0416666666666667,0,0,0,0,"True","False","True","False"
"133","ENSG00000142192","ENSG00000080824",1,0.0266666666666667,0.333333333333333,0,0,0,1,0.0535714285714286,0.5,0.0454545454545455,0,0,"True","False","True","False"
"134","ENSG00000142192","ENSG00000051128",1,0.0266666666666667,0.25,0,0,0,0,0,0,0,0,0,"True","False","True","False"
"135","ENSG00000142192","ENSG00000073969",1,0.0266666666666667,0.25,0,0,0,1,0.0416666666666667,0,0,0,0,"True","False","True","False"
"136","ENSG00000142192","ENSG00000064300",1,0.0266666666666667,1,0.0645161290322581,0,0,1,0.0416666666666667,0,0,0,0,"True","False","True","True"
"137","ENSG00000142192","ENSG00000146072",1,0.0266666666666667,1,0.0714285714285714,0,0,1,0.0416666666666667,0,0,0,0,"True","False","True","False"
"138","ENSG00000142192","ENSG00000197971",1,0.0266666666666667,0.166666666666667,0,0,0,1,0.0416666666666667,0.25,0,0,0,"True","False","True","False"
"139","ENSG00000142192","ENSG00000075624",1,0.0263157894736842,0.333333333333333,0,0,0,1,0.0393700787401575,0.333333333333333,0,0,0,"True","False","True","True"
"140","ENSG00000142192","ENSG00000109846",1,0.0266666666666667,0.333333333333333,0,0,0,1,0.0416666666666667,0,0,0,0,"True","False","True","False"
"141","ENSG00000142192","ENSG00000196262",1,0.0266666666666667,0.333333333333333,0,0,0,1,0.0384615384615385,0,0,0,0,"True","False","True","False"
"142","ENSG00000142192","ENSG00000262655",1,0.0533333333333333,0,0,0,0,0,0,0,0,0,0,"True","False","True","False"
"143","ENSG00000142192","ENSG00000105982",1,0.0760869565217391,0.25,0,0,0,0,0,0,0,0,0,"True","False","True","False"
"144","ENSG00000142192","ENSG00000105723",1,0.04,0.25,0,0,0,1,0.0625,1,0.176470588235294,0,0,"True","False","True","False"
"145","ENSG00000142192","ENSG00000114841",1,0.0266666666666667,0,0,0,0,1,0.0416666666666667,0,0,0,0,"True","False","True","False"
"146","ENSG00000142192","ENSG00000138449",1,0.0263157894736842,1,0.0714285714285714,0,0,0,0,0,0,0,0,"True","False","True","False"
"147","ENSG00000142192","ENSG00000154277",1,0.0266666666666667,0.333333333333333,0,0,0,1,0.0416666666666667,0,0,0,0,"True","False","True","True"
"148","ENSG00000142192","ENSG00000105290",1,0.0789473684210526,0.25,0,0,0,0.333333333333333,0,0.5,0.0555555555555556,0,0,"True","False","True","True"
"149","ENSG00000142192","ENSG00000118137",1,0.0266666666666667,1,0.0625,0,0,1,0.0416666666666667,0,0,0,0,"True","False","True","False"
"150","ENSG00000142192","ENSG00000121653",1,0.0266666666666667,1,0.0645161290322581,0,0,1,0.0416666666666667,0,0,0,0,"True","False","True","False"
"151","ENSG00000142192","ENSG00000080815",1,0.0520833333333333,1,0.0731707317073171,0,0,1,0.037037037037037,0.166666666666667,0,0,0,"True","True","True","True"
"152","ENSG00000142192","ENSG00000167004",1,0.0266666666666667,1,0.0625,0,0,1,0.0416666666666667,0.5,0.0555555555555556,0,0,"True","False","True","False"
"154","ENSG00000142192","ENSG00000143801",1,0.0697674418604651,0.333333333333333,0,0,0,1,0.0416666666666667,0,0,0,0,"True","True","True","True"
"155","ENSG00000142192","ENSG00000136854",1,0.0266666666666667,0.25,0,0,0,1,0.0416666666666667,0.25,0,0,0,"True","False","True","False"
"156","ENSG00000142192","ENSG00000072506",1,0.0266666666666667,1,0.0689655172413793,0,0,1,0.0408163265306122,0,0,0,0,"True","True","True","True"
"157","ENSG00000142192","ENSG00000175899",1,0.0631578947368421,0,0,0,0,0,0,0,0,0,0,"True","False","True","True"
"158","ENSG00000142192","ENSG00000171867",1,0.04,1,0.09375,0,0,1,0.021505376344086,1,0.166666666666667,0,0,"True","False","True","True"
"159","ENSG00000142192","ENSG00000144619",1,0.04,0,0,0,0,0,0,0,0,0,0,"True","False","True","False"
"160","ENSG00000142192","ENSG00000138190",1,0.0493827160493827,0,0,0,0,0,0,0,0,0,0,"True","False","True","False"
"161","ENSG00000142192","ENSG00000167755",1,0.0238095238095238,0,0,0,0,1,0.0350877192982456,0,0,0,0,"True","False","True","False"
"162","ENSG00000142192","ENSG00000164924",1,0.0394736842105263,0.5,0.027027027027027,0,0,1,0.0428571428571429,0.333333333333333,0,0,0,"True","False","True","False"
"163","ENSG00000142192","ENSG00000105329",1,0.0266666666666667,1,0.0645161290322581,0,0,1,0.0416666666666667,0,0,0,0,"True","False","True","True"
"164","ENSG00000142192","ENSG00000181773",1,0.0394736842105263,0,0,0,0,0,0,1,0.166666666666667,0,0,"True","False","True","False"
"165","ENSG00000142192","ENSG00000084234",1,0.08,0.333333333333333,0,0,0,0.5,0.06,0.5,0.0454545454545455,0,0,"True","False","True","True"
"166","ENSG00000185339","ENSG00000157212",1,0.285714285714286,0,0,0,0,0,0,0,0,0,0,"False","False","False","False"
"167","ENSG00000114491","ENSG00000164867",1,0.111111111111111,0,0,0,0,0,0,0,0,0,0,"False","False","False","False"
"168","ENSG00000114491","ENSG00000080815",1,0.0689655172413793,0,0,0,0,0,0,0,0,0,0,"False","True","False","True"
"169","ENSG00000114491","ENSG00000157212",1,0.333333333333333,0,0,0,0,0,0,0,0,0,0,"False","False","False","False"
"170","ENSG00000114491","ENSG00000175899",1,0.148148148148148,0,0,0,0,0,0,0,0,0,0,"False","False","False","True"
"171","ENSG00000182333","ENSG00000143801",1,0.117647058823529,0,0,0,0,0,0,0,0,0,0,"False","True","False","True"
"172","ENSG00000197102","ENSG00000143801",1,0.117647058823529,1,0.142857142857143,0,0,0.25,0,0,0,0,0,"False","True","False","True"
"173","ENSG00000181029","ENSG00000175899",1,0.0769230769230769,0,0,0,0,0,0,0,0,0,0,"False","False","False","True"
"174","ENSG00000143870","ENSG00000159363",1,0.0465116279069767,0.25,0,0,0,0,0,1,0.0465116279069767,0,0,"False","False","False","False"
"175","ENSG00000163349","ENSG00000159363",1,0.0465116279069767,0.25,0,0,0,0,0,1,0.0465116279069767,0,0,"False","False","False","False"
"176","ENSG00000160087","ENSG00000159363",1,0.0465116279069767,0,0,0,0,0,0,1,0.0465116279069767,0,0,"False","False","False","False"
"177","ENSG00000020129","ENSG00000175899",1,0.0769230769230769,0,0,0,0,0,0,0,0,0,0,"False","False","False","True"
"178","ENSG00000105649","ENSG00000105613",1,0.0606060606060606,0.25,0,0,0,0,0,0,0,0,0,"False","False","False","False"
"179","ENSG00000105649","ENSG00000080815",1,0.0740740740740741,0.25,0,0,0,0,0,0,0,0,0,"False","True","False","True"
"180","ENSG00000169031","ENSG00000167755",1,0.181818181818182,0,0,0,0,1,0.181818181818182,0,0,0,0,"False","False","False","False"
"181","ENSG00000111640","ENSG00000080815",1,0.0769230769230769,0.333333333333333,0,0,0,0.333333333333333,0,0,0,0,0,"True","True","False","True"
"182","ENSG00000138109","ENSG00000105401",1,0.115384615384615,0,0,0,0,0,0,0,0,0,0,"False","False","False","False"
"183","ENSG00000138109","ENSG00000105613",1,0.0882352941176471,0,0,0,0,0,0,0,0,0,0,"False","False","False","False"
"184","ENSG00000138109","ENSG00000105982",1,0.115384615384615,0,0,0,0,0,0,0,0,0,0,"False","False","False","False"
"185","ENSG00000138109","ENSG00000105514",1,0.5,0,0,0,0,0,0,0,0,0,0,"False","False","False","False"
"186","ENSG00000149972","ENSG00000105290",1,0.285714285714286,0,0,0,0,0,0,0,0,0,0,"False","False","False","True"
"187","ENSG00000214253","ENSG00000164867",1,0.08,0.25,0,0,0,0,0,0,0,0,0,"False","False","False","False"
"188","ENSG00000137801","ENSG00000115414",1,0.4,0.2,0,0,0,0,0,0,0,0,0,"False","False","False","False"
"189","ENSG00000072110","ENSG00000080815",1,0.0769230769230769,0.25,0,0,0,0.25,0,0,0,0,0,"False","True","False","True"
"190","ENSG00000129354","ENSG00000105613",1,0.125,0.25,0,0,0,0,0,0,0,0,0,"False","False","False","False"
"191","ENSG00000196361","ENSG00000105401",1,0.192307692307692,0,0,0,0,0,0,0,0,0,0,"False","False","False","False"
"192","ENSG00000196361","ENSG00000105613",1,0.147058823529412,0,0,0,0,0,0,0,0,0,0,"False","False","False","False"
"193","ENSG00000196361","ENSG00000164867",1,0.230769230769231,0,0,0,0,0,0,0,0,0,0,"False","False","False","False"
"194","ENSG00000196361","ENSG00000105982",1,0.24,0,0,0,0,0,0,0,0,0,0,"False","False","False","False"
"195","ENSG00000196361","ENSG00000175899",1,0.222222222222222,0,0,0,0,0,0,0,0,0,0,"False","False","False","True"
"196","ENSG00000188153","ENSG00000167755",1,0.181818181818182,0,0,0,0,1,0.181818181818182,0,0,0,0,"False","False","False","False"
"197","ENSG00000116141","ENSG00000186868",1,0.142857142857143,0.5,0.1,0,0,0.333333333333333,0,0,0,0,0,"False","True","False","True"
"198","ENSG00000136717","ENSG00000186868",1,0.142857142857143,0.2,0,0,0,0.333333333333333,0,1,0.142857142857143,0,0,"False","True","True","True"
"199","ENSG00000166313","ENSG00000084234",1,0.5,0.25,0,0,0,1,0.333333333333333,0,0,0,0,"True","False","True","True"
"200","ENSG00000070018","ENSG00000159363",1,0.0465116279069767,0.333333333333333,0,0,0,0,0,1,0.0454545454545455,0,0,"False","False","False","False"
"201","ENSG00000198408","ENSG00000105401",1,0.115384615384615,0,0,0,0,0,0,0.25,0,0,0,"False","False","False","False"
"202","ENSG00000198408","ENSG00000105613",1,0.0882352941176471,0,0,0,0,0,0,0,0,0,0,"False","False","False","False"
"203","ENSG00000198408","ENSG00000105982",1,0.16,0,0,0,0,0,0,0,0,0,0,"False","False","False","False"
"204","ENSG00000198408","ENSG00000175899",1,0.148148148148148,0,0,0,0,0,0,0,0,0,0,"False","False","False","True"
"205","ENSG00000133069","ENSG00000130203",1,0.133333333333333,1,0.25,0,0,0,0,0,0,0,0,"False","True","False","True"
"206","ENSG00000127452","ENSG00000105401",1,0.115384615384615,0.25,0,0,0,0,0,0,0,0,0,"False","False","False","False"
"207","ENSG00000127452","ENSG00000105613",1,0.0882352941176471,0.25,0,0,0,0,0,0,0,0,0,"False","False","False","False"
"208","ENSG00000127452","ENSG00000105982",1,0.16,1,0.333333333333333,0,0,0,0,0,0,0,0,"False","False","False","False"
"209","ENSG00000127452","ENSG00000143801",1,0.222222222222222,0.25,0,0,0,0,0,0,0,0,0,"False","True","False","True"
"210","ENSG00000115380","ENSG00000164867",1,0.08,0.25,0,0,0,0,0,0,0,0,0,"False","False","False","False"
"211","ENSG00000108578","ENSG00000105613",1,0.151515151515152,0.2,0,0,0,0,0,0,0,0,0,"False","False","True","False"
"212","ENSG00000108578","ENSG00000105982",1,0.153846153846154,0.25,0,0,0,0,0,0,0,0,0,"False","False","True","False"
"213","ENSG00000108578","ENSG00000138115",1,0.3,0,0,0,0,0,0,0,0,0,0,"False","False","True","False"
"214","ENSG00000107829","ENSG00000105401",1,0.16,0,0,0,0,0,0,0,0,0,0,"False","False","False","False"
"215","ENSG00000107829","ENSG00000105613",1,0.0882352941176471,0,0,0,0,0,0,0,0,0,0,"False","False","False","False"
"216","ENSG00000107829","ENSG00000105982",1,0.16,0,0,0,0,0,0,0,0,0,0,"False","False","False","False"
"217","ENSG00000197694","ENSG00000084764",1,0.5,0.333333333333333,0,0,0,0,0,1,0.333333333333333,0,0,"False","False","False","False"
"219","ENSG00000119917","ENSG00000105401",1,0.269230769230769,1,0.0487804878048781,0,0,0,0,0,0,0,0,"False","False","False","False"
"220","ENSG00000119917","ENSG00000105613",1,0.242424242424242,0.333333333333333,0,0,0,0,0,0,0,0,0,"False","False","False","False"
"221","ENSG00000119917","ENSG00000196365",1,0.461538461538462,0,0,0,0,0,0,0,0,0,0,"False","False","False","False"
"222","ENSG00000119917","ENSG00000179262",1,0.461538461538462,0.333333333333333,0,0,0,0,0,0,0,0,0,"False","False","False","False"
"223","ENSG00000119917","ENSG00000175899",1,0.296296296296296,0,0,0,0,0,0,0,0,0,0,"False","False","False","True"
"224","ENSG00000119917","ENSG00000130203",1,0.277777777777778,0.5,0.0666666666666667,0,0,0,0,0,0,0,0,"False","True","False","True"
"225","ENSG00000105401","ENSG00000132002",1,0.111111111111111,1,0.0555555555555556,0,0,0.25,0,0,0,0,0,"False","False","False","False"
"226","ENSG00000105401","ENSG00000133246",1,0.192307692307692,0.25,0,0,0,0,0,0,0,0,0,"False","False","False","False"
"227","ENSG00000105401","ENSG00000164867",1,0.113636363636364,1,0.075,0,0,0,0,0,0,0,0,"False","False","False","False"
"228","ENSG00000105401","ENSG00000105607",1,0.269230769230769,0.5,0.0555555555555556,0,0,0,0,0,0,0,0,"False","False","False","False"
"229","ENSG00000105401","ENSG00000105982",1,0.714285714285714,0.25,0,0,0,0,0,0,0,0,0,"False","False","False","False"
"230","ENSG00000105401","ENSG00000196365",1,0.259259259259259,0,0,0,0,0,0,0,0,0,0,"False","False","False","False"
"231","ENSG00000105401","ENSG00000080815",1,0.19047619047619,1,0.0408163265306122,0,0,0.25,0,0.2,0,0,0,"False","True","False","True"
"232","ENSG00000105401","ENSG00000179262",1,0.259259259259259,0.5,0.0208333333333333,0,0,0.25,0,0,0,0,0,"False","False","False","False"
"233","ENSG00000105401","ENSG00000130203",1,0.266666666666667,1,0.0487804878048781,0,0,0,0,0,0,0,0,"False","True","False","True"
"234","ENSG00000105401","ENSG00000164885",1,0.148148148148148,0.333333333333333,0,0,0,0,0,0.25,0,0,0,"False","True","False","True"
"236","ENSG00000133030","ENSG00000164867",1,0.08,0.25,0,0,0,0,0,0,0,0,0,"False","False","False","False"
"237","ENSG00000187498","ENSG00000167755",1,0.181818181818182,0,0,0,0,1,0.181818181818182,0,0,0,0,"False","False","False","False"
"238","ENSG00000161544","ENSG00000159363",1,0.0465116279069767,0.2,0,0,0,0,0,1,0.0465116279069767,0,0,"False","False","False","False"
"239","ENSG00000150593","ENSG00000143801",1,0.111111111111111,1,0.117647058823529,0,0,0,0,0,0,0,0,"False","True","False","True"
"240","ENSG00000150593","ENSG00000130203",1,0.133333333333333,1,0.142857142857143,0,0,0,0,0,0,0,0,"False","True","False","True"
"242","ENSG00000137414","ENSG00000159363",1,0.0465116279069767,0,0,0,0,0,0,1,0.0465116279069767,0,0,"False","False","False","False"
"243","ENSG00000132002","ENSG00000105613",1,0.151515151515152,0.333333333333333,0,0,0,0,0,0,0,0,0,"False","False","False","False"
"244","ENSG00000132002","ENSG00000143801",1,0.210526315789474,0.25,0,0,0,0.2,0,0,0,0,0,"False","True","False","True"
"245","ENSG00000132002","ENSG00000138115",1,0.3,0,0,0,0,0,0,0,0,0,0,"False","False","False","False"
"246","ENSG00000121966","ENSG00000159363",1,0.0454545454545455,0.25,0,0,0,0,0,1,0.0454545454545455,0,0,"False","False","False","False"
"251","ENSG00000141480","ENSG00000168539",1,0.6,0,0,0,0,0,0,1,0.6,0,0,"False","False","False","False"
"252","ENSG00000141480","ENSG00000181773",1,0.5,0,0,0,0,0,0,1,0.5,0,0,"False","False","False","False"
"253","ENSG00000171564","ENSG00000167755",1,0.181818181818182,0,0,0,0,1,0.181818181818182,0,0,0,0,"False","False","False","False"
"255","ENSG00000159363","ENSG00000105701",1,0.0465116279069767,0.333333333333333,0,0,0,0,0,1,0.0454545454545455,0,0,"False","False","False","False"
"256","ENSG00000159363","ENSG00000105583",1,0.0465116279069767,0,0,0,0,0,0,1,0.0465116279069767,0,0,"False","False","False","False"
"257","ENSG00000159363","ENSG00000144476",1,0.0465116279069767,0,0,0,0,0,0,1,0.0465116279069767,0,0,"False","False","False","False"
"258","ENSG00000159363","ENSG00000203880",1,0.0465116279069767,0,0,0,0,0,0,1,0.0465116279069767,0,0,"False","False","False","False"
"259","ENSG00000159363","ENSG00000106803",1,0.0465116279069767,0.166666666666667,0,0,0,0,0,1,0.0465116279069767,0,0,"False","False","False","False"
"260","ENSG00000159363","ENSG00000183496",1,0.0465116279069767,0.2,0,0,0,0,0,1,0.0465116279069767,0,0,"False","False","False","False"
"261","ENSG00000159363","ENSG00000165775",1,0.0465116279069767,0,0,0,0,0,0,1,0.0465116279069767,0,0,"False","False","False","False"
"262","ENSG00000159363","ENSG00000094631",1,0.0465116279069767,1,0.105263157894737,0,0,0,0,1,0.0444444444444444,0,0,"False","False","False","False"
"263","ENSG00000159363","ENSG00000220205",1,0.0465116279069767,0.2,0,0,0,0,0,1,0.0465116279069767,0,0,"False","False","False","False"
"264","ENSG00000159363","ENSG00000188394",1,0.0465116279069767,0,0,0,0,0,0,1,0.0465116279069767,0,0,"False","False","False","False"
"265","ENSG00000159363","ENSG00000136485",1,0.0465116279069767,0.25,0,0,0,0,0,1,0.0465116279069767,0,0,"False","False","False","False"
"266","ENSG00000159363","ENSG00000075624",1,0.0454545454545455,0.5,0.032258064516129,0,0,0,0,1,0.0454545454545455,0,0,"False","False","False","True"
"267","ENSG00000159363","ENSG00000135390",1,0.0465116279069767,0,0,0,0,0,0,1,0.0465116279069767,0,0,"False","True","False","False"
"268","ENSG00000159363","ENSG00000174851",1,0.0465116279069767,1,0.181818181818182,0,0,0,0,1,0.0465116279069767,0,0,"False","False","False","False"
"269","ENSG00000159363","ENSG00000110148",1,0.0465116279069767,0.25,0,0,0,0,0,1,0.0465116279069767,0,0,"False","False","False","False"
"270","ENSG00000159363","ENSG00000134153",1,0.0465116279069767,0,0,0,0,0,0,1,0.0465116279069767,0,0,"False","False","False","False"
"271","ENSG00000159363","ENSG00000120324",1,0.0465116279069767,0,0,0,0,0,0,1,0.0465116279069767,0,0,"False","False","False","False"
"272","ENSG00000159363","ENSG00000169223",1,0.0465116279069767,0,0,0,0,0,0,1,0.0465116279069767,0,0,"False","False","False","False"
"273","ENSG00000159363","ENSG00000104044",1,0.0465116279069767,0,0,0,0,0,0,1,0.0465116279069767,0,0,"False","False","False","False"
"274","ENSG00000159363","ENSG00000115977",1,0.0465116279069767,1,0.222222222222222,0,0,0,0,1,0.0465116279069767,0,0,"False","False","False","False"
"275","ENSG00000159363","ENSG00000196981",1,0.0465116279069767,0,0,0,0,0,0,1,0.0465116279069767,0,0,"False","False","False","False"
"276","ENSG00000159363","ENSG00000164128",1,0.0465116279069767,0,0,0,0,0,0,1,0.0465116279069767,0,0,"False","False","False","False"
"277","ENSG00000159363","ENSG00000118363",1,0.0465116279069767,0,0,0,0,0,0,1,0.0465116279069767,0,0,"False","False","False","False"
"278","ENSG00000159363","ENSG00000198856",1,0.0465116279069767,0.2,0,0,0,0,0,1,0.0465116279069767,0,0,"False","False","False","False"
"279","ENSG00000159363","ENSG00000178950",1,0.0465116279069767,1,0.333333333333333,0,0,0,0,1,0.0638297872340425,0,0,"False","False","False","False"
"280","ENSG00000159363","ENSG00000108219",1,0.0465116279069767,0,0,0,0,0,0,1,0.0465116279069767,0,0,"False","False","False","False"
"281","ENSG00000159363","ENSG00000104765",1,0.0465116279069767,1,0.142857142857143,0,0,0,0,1,0.0465116279069767,0,0,"False","False","False","False"
"282","ENSG00000159363","ENSG00000189057",1,0.0465116279069767,0.2,0,0,0,0,0,1,0.0465116279069767,0,0,"False","False","False","False"
"284","ENSG00000137486","ENSG00000168539",1,0.5,0,0,0,0,0,0,1,0.5,0,0,"False","False","False","False"
"285","ENSG00000137486","ENSG00000181773",1,0.666666666666667,0,0,0,0,0,0,1,0.666666666666667,0,0,"False","False","False","False"
"286","ENSG00000033627","ENSG00000116039",1,0.666666666666667,0,0,0,0,0,0,0,0,0,0,"False","False","False","False"
"287","ENSG00000033627","ENSG00000117984",1,0.666666666666667,0,0,0,0,0,0,0,0,0,0,"False","False","False","True"
"288","ENSG00000105613","ENSG00000133246",1,0.114285714285714,0.25,0,0,0,0,0,0,0,0,0,"False","False","False","False"
"289","ENSG00000105613","ENSG00000164867",1,0.0961538461538462,0.333333333333333,0,0,0,0,0,0,0,0,0,"False","False","False","False"
"290","ENSG00000105613","ENSG00000196365",1,0.235294117647059,0,0,0,0,0,0,0,0,0,0,"False","False","False","False"
"291","ENSG00000105613","ENSG00000105514",1,0.0909090909090909,0,0,0,0,0,0,0,0,0,0,"False","False","False","False"
"292","ENSG00000105613","ENSG00000157212",1,0.114285714285714,0.2,0,0,0,0,0,0,0,0,0,"False","False","False","False"
"293","ENSG00000105613","ENSG00000179262",1,0.2,0.333333333333333,0,0,0,0,0,0,0,0,0,"False","False","False","False"
"294","ENSG00000105613","ENSG00000143801",1,0.166666666666667,0.25,0,0,0,0,0,0,0,0,0,"False","True","False","True"
"295","ENSG00000105613","ENSG00000175899",1,0.414634146341463,0,0,0,0,0,0,0,0,0,0,"False","False","False","True"
"296","ENSG00000105613","ENSG00000184719",1,0.0625,0,0,0,0,0,0,0,0,0,0,"False","False","False","False"
"297","ENSG00000105613","ENSG00000130203",1,0.179487179487179,0.333333333333333,0,0,0,0,0,0,0,0,0,"False","True","False","True"
"298","ENSG00000105613","ENSG00000138190",1,0.272727272727273,0,0,0,0,0,0,0,0,0,0,"False","False","False","False"
"299","ENSG00000105613","ENSG00000164885",1,0.0540540540540541,0.25,0,0,0,0,0,0,0,0,0,"False","True","False","True"
"300","ENSG00000105613","ENSG00000138115",1,0.21875,0,0,0,0,0,0,0,0,0,0,"False","False","False","False"
"301","ENSG00000133246","ENSG00000105982",1,0.192307692307692,1,0.2,0,0,0,0,0,0,0,0,"False","False","False","False"
"302","ENSG00000133246","ENSG00000080815",1,0.137931034482759,0.25,0,0,0,0,0,0,0,0,0,"False","True","False","True"
"303","ENSG00000133246","ENSG00000175899",1,0.178571428571429,0,0,0,0,0,0,0,0,0,0,"False","False","False","True"
"304","ENSG00000197565","ENSG00000167755",1,0.181818181818182,0,0,0,0,1,0.181818181818182,0,0,0,0,"False","False","False","False"
"305","ENSG00000164867","ENSG00000105607",1,0.214285714285714,1,0.222222222222222,0,0,0,0,0,0,0,0,"False","False","False","False"
"306","ENSG00000164867","ENSG00000132475",1,0.08,0.333333333333333,0,0,0,0,0,0,0,0,0,"False","False","False","False"
"307","ENSG00000164867","ENSG00000132305",1,0.08,0.25,0,0,0,0,0,0,0,0,0,"False","False","False","False"
"308","ENSG00000164867","ENSG00000172638",1,0.08,0.333333333333333,0,0,0,0,0,0,0,0,0,"False","False","False","False"
"309","ENSG00000164867","ENSG00000105982",1,0.13953488372093,0.333333333333333,0,0,0,0,0,0,0,0,0,"False","False","False","False"
"310","ENSG00000164867","ENSG00000130402",1,0.08,0.5,0.0666666666666667,0,0,0,0,0,0,0,0,"False","False","False","False"
"311","ENSG00000164867","ENSG00000166033",1,0.08,0,0,0,0,0,0,0,0,0,0,"False","False","False","False"
"312","ENSG00000164867","ENSG00000100380",1,0.0740740740740741,1,0.181818181818182,0,0,0,0,0,0,0,0,"False","False","False","False"
"313","ENSG00000164867","ENSG00000066044",1,0.08,0.25,0,0,0,0,0,0,0,0,0,"False","False","False","False"
"314","ENSG00000164867","ENSG00000077522",1,0.08,0.333333333333333,0,0,0,0,0,0,0,0,0,"False","False","False","False"
"315","ENSG00000164867","ENSG00000175899",1,0.159090909090909,0,0,0,0,0,0,0,0,0,0,"False","False","False","True"
"316","ENSG00000164867","ENSG00000155252",1,0.0769230769230769,0.2,0,0,0,0,0,0,0,0,0,"False","False","False","True"
"317","ENSG00000164867","ENSG00000138190",1,0.129032258064516,0,0,0,0,0,0,0,0,0,0,"False","False","False","False"
"318","ENSG00000164867","ENSG00000197256",1,0.0769230769230769,0.5,0.0416666666666667,0,0,0,0,0,0,0,0,"False","False","False","False"
"319","ENSG00000108242","ENSG00000175899",1,0.115384615384615,0,0,0,0,0,0,0,0,0,0,"False","False","False","True"
"320","ENSG00000096384","ENSG00000186868",1,0.142857142857143,0.5,0.0106382978723404,0,0,0.333333333333333,0,0.5,0.0666666666666667,0,0,"False","True","False","True"
"321","ENSG00000105607","ENSG00000105982",1,0.269230769230769,0.25,0,0,0,0,0,0,0,0,0,"False","False","False","False"
"322","ENSG00000105607","ENSG00000080815",1,0.166666666666667,1,0.117647058823529,0,0,0,0,0,0,0,0,"False","True","False","True"
"323","ENSG00000105607","ENSG00000175899",1,0.206896551724138,0,0,0,0,0,0,0,0,0,0,"False","False","False","True"
"324","ENSG00000105607","ENSG00000130203",1,0.4375,0.333333333333333,0,0,0,0,0,0,0,0,0,"False","True","False","True"
"325","ENSG00000105607","ENSG00000138190",1,0.266666666666667,0,0,0,0,0,0,0,0,0,0,"False","False","False","False"
"326","ENSG00000104812","ENSG00000082701",1,0.4,1,0.0645161290322581,0,0,0,0,1,0.5,0,0,"False","True","False","True"
"327","ENSG00000075413","ENSG00000186868",1,0.142857142857143,0.5,0.0625,0,0,0.333333333333333,0,0.333333333333333,0,0,0,"False","True","False","True"
"328","ENSG00000084764","ENSG00000113758",1,0.333333333333333,0.333333333333333,0,0,0,0,0,1,0.181818181818182,0,0,"False","False","False","True"
"330","ENSG00000082701","ENSG00000186868",1,0.266666666666667,0.333333333333333,0,0,0,0,0,1,0.272727272727273,0,0,"True","True","True","True"
"331","ENSG00000082701","ENSG00000164924",1,0.5,0.5,0.0134228187919463,0,0,0,0,0.5,0.166666666666667,0,0,"True","False","True","False"
"333","ENSG00000137824","ENSG00000080815",1,0.0769230769230769,0.25,0,0,0,0,0,0,0,0,0,"False","True","False","True"
"334","ENSG00000171560","ENSG00000167755",1,0.181818181818182,0,0,0,0,1,0.181818181818182,0,0,0,0,"False","False","False","False"
"335","ENSG00000072518","ENSG00000186868",1,0.142857142857143,1,0.214285714285714,0,0,0.333333333333333,0,0,0,0,0,"False","True","False","True"
"336","ENSG00000255302","ENSG00000143801",1,0.117647058823529,0,0,0,0,0,0,0,0,0,0,"False","True","False","True"
"339","ENSG00000113758","ENSG00000164885",1,0.2,0.25,0,0,0,0,0,1,0.2,0,0,"False","True","True","True"
"340","ENSG00000007047","ENSG00000186868",1,0.142857142857143,0.333333333333333,0,0,0,0.333333333333333,0,0,0,0,0,"False","True","False","True"
"341","ENSG00000167965","ENSG00000175899",1,0.0769230769230769,0,0,0,0,0,0,0,0,0,0,"False","False","False","True"
"342","ENSG00000117362","ENSG00000080815",1,0.153846153846154,0.5,0.0588235294117647,0,0,0.5,0.111111111111111,0,0,0,0,"True","True","True","True"
"343","ENSG00000117362","ENSG00000143801",1,0.235294117647059,0.25,0,0,0,0.25,0,0,0,0,0,"True","True","True","True"
"345","ENSG00000126545","ENSG00000167755",1,0.181818181818182,0,0,0,0,1,0.181818181818182,0,0,0,0,"False","False","False","False"
"346","ENSG00000179115","ENSG00000175899",1,0.115384615384615,0,0,0,0,0,0,0,0,0,0,"False","False","False","True"
"347","ENSG00000138180","ENSG00000105514",1,0.4,0,0,0,0,0,0,0,0,0,0,"False","False","False","False"
"348","ENSG00000262655","ENSG00000105290",1,0.571428571428571,0,0,0,0,0,0,0,0,0,0,"False","False","False","True"
"349","ENSG00000262655","ENSG00000084234",1,0.666666666666667,0,0,0,0,0,0,0,0,0,0,"False","False","False","True"
"350","ENSG00000105982","ENSG00000196365",1,0.214285714285714,0,0,0,0,0,0,0,0,0,0,"False","False","False","False"
"351","ENSG00000105982","ENSG00000107816",1,0.0833333333333333,0.25,0,0,0,0,0,0,0,0,0,"False","False","False","False"
"352","ENSG00000105982","ENSG00000179262",1,0.214285714285714,0.25,0,0,0,0,0,0,0,0,0,"False","False","False","False"
"353","ENSG00000105982","ENSG00000143801",1,0.138888888888889,0.25,0,0,0,0,0,0,0,0,0,"False","True","False","True"
"354","ENSG00000105982","ENSG00000175899",1,0.428571428571429,0,0,0,0,0,0,0,0,0,0,"False","False","False","True"
"355","ENSG00000105982","ENSG00000130203",1,0.1875,0.2,0,0,0,0,0,0,0,0,0,"False","True","False","True"
"356","ENSG00000105982","ENSG00000164885",1,0.107142857142857,0.25,0,0,0,0,0,0,0,0,0,"False","True","False","True"
"358","ENSG00000188906","ENSG00000186868",1,0.214285714285714,0.5,0.0117647058823529,0,0,0.166666666666667,0,1,0.00980392156862745,0,0,"False","True","True","True"
"360","ENSG00000105290","ENSG00000144619",1,0.428571428571429,0,0,0,0,0,0,0,0,0,0,"False","False","True","False"
"362","ENSG00000107295","ENSG00000157212",1,0.285714285714286,0.2,0,0,0,0,0,0,0,0,0,"False","False","False","False"
"364","ENSG00000196365","ENSG00000175899",1,0.285714285714286,0,0,0,0,0,0,0,0,0,0,"False","False","False","True"
"365","ENSG00000196365","ENSG00000138115",1,0.307692307692308,0,0,0,0,0,0,0,0,0,0,"False","False","False","False"
"367","ENSG00000080815","ENSG00000100380",1,0.111111111111111,1,0.105263157894737,0,0,0.2,0,0.166666666666667,0,0,0,"True","False","True","False"
"368","ENSG00000080815","ENSG00000083720",1,0.0769230769230769,0,0,0,0,0,0,0.166666666666667,0,0,0,"True","False","True","False"
"369","ENSG00000080815","ENSG00000143801",1,0.162162162162162,0.5,0.173913043478261,0,0,0.5,0.111111111111111,0,0,0,0,"True","True","True","True"
"370","ENSG00000080815","ENSG00000082397",1,0.0769230769230769,0.25,0,0,0,0.25,0,0.166666666666667,0,0,0,"True","False","True","False"
"371","ENSG00000080815","ENSG00000172757",1,0.0769230769230769,0.333333333333333,0,0,0,0.25,0,0,0,0,0,"True","False","True","True"
"372","ENSG00000080815","ENSG00000130203",1,0.176470588235294,0.5,0.142857142857143,0,0,0,0,0,0,0,0,"True","True","True","True"
"373","ENSG00000080815","ENSG00000164885",1,0.1,0.25,0,0,0,0,0,0.142857142857143,0,0,0,"True","True","True","True"
"374","ENSG00000080815","ENSG00000197256",1,0.0740740740740741,0.333333333333333,0,0,0,0,0,0,0,0,0,"True","False","True","False"
"375","ENSG00000080815","ENSG00000168036",1,0.115384615384615,1,0.0606060606060606,0,0,1,0.375,0.2,0,0,0,"True","False","True","True"
"376","ENSG00000185624","ENSG00000186868",1,0.142857142857143,1,0.166666666666667,0,0,0.25,0,1,0.181818181818182,0,0,"False","True","False","True"
"377","ENSG00000134871","ENSG00000167755",1,0.181818181818182,0,0,0,0,1,0.181818181818182,0,0,0,0,"False","False","False","False"
"378","ENSG00000100380","ENSG00000130203",1,0.2,1,0.181818181818182,0,0,0,0,0,0,0,0,"False","True","False","True"
"380","ENSG00000186868","ENSG00000171867",1,0.214285714285714,1,0.230769230769231,0,0,0.5,0.02,1,0.272727272727273,0,0,"True","False","True","True"
"381","ENSG00000186868","ENSG00000164924",1,0.285714285714286,1,0.0230769230769231,0,0,0.5,0.0357142857142857,0.5,0.0833333333333333,0,0,"True","False","True","False"
"382","ENSG00000157212","ENSG00000175899",1,0.178571428571429,0,0,0,0,0,0,0,0,0,0,"False","False","False","True"
"383","ENSG00000179262","ENSG00000175899",1,0.241379310344828,0,0,0,0,0,0,0,0,0,0,"False","False","False","True"
"384","ENSG00000179262","ENSG00000155252",1,0.181818181818182,0.25,0,0,0,0,0,0,0,0,0,"False","False","False","True"
"385","ENSG00000143801","ENSG00000138190",1,0.227272727272727,0,0,0,0,0,0,0,0,0,0,"True","False","True","False"
"386","ENSG00000081052","ENSG00000167755",1,0.181818181818182,0,0,0,0,1,0.181818181818182,0,0,0,0,"False","False","False","False"
"387","ENSG00000175899","ENSG00000130203",1,0.25,0,0,0,0,0,0,0,0,0,0,"False","True","True","True"
"388","ENSG00000175899","ENSG00000138115",1,0.178571428571429,0,0,0,0,0,0,0,0,0,0,"False","False","True","False"
"389","ENSG00000130203","ENSG00000138115",1,0.235294117647059,0,0,0,0,0,0,0,0,0,0,"True","False","True","False"
"390","ENSG00000138190","ENSG00000138190",1,1,0,0,0,0,0,0,0,0,0,0,"False","False","False","False"
